mat_file,mat_start,mat_end,mat_index,camera_index,camera_start,camera_end,camera_file
"../2025-07-03/pm_adl/s/1dasss","2024-06-11T09:53:11","2024-06-11T09:53:21",1dasss,1dasss,"2024-06-11T08:53:10","2024-06-11T09:53:24","../2025-07-03/ir_adl/s/1dasss"
"../2025-07-03/pm_adl/s/2damss","2024-06-11T09:55:45","2024-06-11T09:55:52",2damss,2damss,"2024-06-11T08:55:46","2024-06-11T09:55:55","../2025-07-03/ir_adl/s/2damss"
"../2025-07-03/pm_adl/s/3dalss","2024-06-11T09:57:11","2024-06-11T09:57:13",3dalss,3dalss,"2024-06-11T08:57:10","2024-06-11T09:57:16","../2025-07-03/ir_adl/s/3dalss"
"../2025-07-03/pm_adl/s/4dasssh","2024-06-11T09:59:49","2024-06-11T09:59:58",4dasssh,4dasssh,"2024-06-11T08:59:48","2024-06-11T10:00:01","../2025-07-03/ir_adl/s/4dasssh"
,,,,5damssh,"2024-06-11T09:01:02","2024-06-11T10:01:12","../2025-07-03/ir_adl/s/5damssh"
"../2025-07-03/pm_adl/s/7dasssl","2024-06-11T10:04:37","2024-06-11T10:04:47",7dasssl,7dasssl,"2024-06-11T09:04:36","2024-06-11T10:04:49","../2025-07-03/ir_adl/s/7dasssl"
"../2025-07-03/pm_adl/s/8damssl","2024-06-11T10:06:10","2024-06-11T10:06:16",8damssl,8damssl,"2024-06-11T09:06:08","2024-06-11T10:06:19","../2025-07-03/ir_adl/s/8damssl"
"../2025-07-03/pm_adl/s/9dalssl","2024-06-11T10:07:27","2024-06-11T10:07:30",9dalssl,9dalssl,"2024-06-11T09:07:26","2024-06-11T10:07:32","../2025-07-03/ir_adl/s/9dalssl"
"../2025-07-03/pm_adl/s/10dasst","2024-06-11T10:08:47","2024-06-11T10:08:56",10dasst,10dasst,"2024-06-11T09:08:46","2024-06-11T10:08:57","../2025-07-03/ir_adl/s/10dasst"
"../2025-07-03/pm_adl/s/11damst","2024-06-11T10:10:01","2024-06-11T10:10:07",11damst,11damst,"2024-06-11T09:09:56","2024-06-11T10:10:09","../2025-07-03/ir_adl/s/11damst"
"../2025-07-03/pm_adl/s/12daalst","2024-06-11T10:11:27","2024-06-11T10:11:30",12daalst,12daalst,"2024-06-11T09:11:28","2024-06-11T10:11:32","../2025-07-03/ir_adl/s/12daalst"
"../2025-07-03/pm_adl/s/13dalflu","2024-06-11T10:13:02","2024-06-11T10:13:08",13dalflu,13dalflu,"2024-06-11T09:13:02","2024-06-11T10:13:11","../2025-07-03/ir_adl/s/13dalflu"
"../2025-07-03/pm_adl/s/14darflu","2024-06-11T10:15:04","2024-06-11T10:15:09",14darflu,14darflu,"2024-06-11T09:15:04","2024-06-11T10:15:14","../2025-07-03/ir_adl/s/14darflu"
"../2025-07-03/pm_adl/sa/15daclh","2024-06-11T10:16:41","2024-06-11T10:16:49",15daclh,15daclh,"2024-06-11T09:16:40","2024-06-11T10:16:51","../2025-07-03/ir_adl/sa/15daclh"
"../2025-07-03/pm_adl/sa/17da2c","2024-06-11T10:21:11","2024-06-11T10:21:24",17da2c,17da2c,"2024-06-11T09:21:10","2024-06-11T10:21:25","../2025-07-03/ir_adl/sa/17da2c"
"../2025-07-03/pm_adl/st/18dast","2024-06-11T10:25:37","2024-06-11T10:25:41",18dast,18dast,"2024-06-11T09:25:34","2024-06-11T10:25:43","../2025-07-03/ir_adl/st/18dast"
"../2025-07-03/pm_adl/st/19dalst","2024-06-11T10:30:27","2024-06-11T10:30:32",19dalst,19dalst,"2024-06-11T09:30:26","2024-06-11T10:30:34","../2025-07-03/ir_adl/st/19dalst"
"../2025-07-03/pm_adl/sv/20davss","2024-06-11T10:31:47","2024-06-11T10:31:53",20davss,20davss,"2024-06-11T09:31:46","2024-06-11T10:31:54","../2025-07-03/ir_adl/sv/20davss"
"../2025-07-03/pm_adl/sv/21davlss","2024-06-11T10:32:57","2024-06-11T10:33:05",21davlss,21davlss,"2024-06-11T09:32:58","2024-06-11T10:33:09","../2025-07-03/ir_adl/sv/21davlss"
"../2025-07-03/pm_adl/st/22dawdr","2024-06-11T10:35:38","2024-06-11T10:35:46",22dawdr,22dawdr,"2024-06-11T09:35:36","2024-06-11T10:35:49","../2025-07-03/ir_adl/st/22dawdr"
"../2025-07-03/pm_adl/st/23dawdkr","2024-06-11T10:36:52","2024-06-11T10:37:01",23dawdkr,23dawdkr,"2024-06-11T09:36:52","2024-06-11T10:37:03","../2025-07-03/ir_adl/st/23dawdkr"
"../2025-07-03/pm_adl/kc/24dakc","2024-06-11T10:38:30","2024-06-11T10:38:38",24dakc,24dakc,"2024-06-11T09:38:30","2024-06-11T10:38:40","../2025-07-03/ir_adl/kc/24dakc"
"../2025-07-03/pm_adl/s/25dawcss","2024-06-11T10:41:19","2024-06-11T10:41:49",25dawcss,25dawcss,"2024-06-11T09:41:26","2024-06-11T10:41:45","../2025-07-03/ir_adl/s/25dawcss"
"../2025-07-03/pm_adl/s/26dawcms","2024-06-11T10:42:44","2024-06-11T10:43:04",26dawcms,26dawcms,"2024-06-11T09:42:48","2024-06-11T10:43:01","../2025-07-03/ir_adl/s/26dawcms"
"../2025-07-03/pm_adl/s/27dawcls","2024-06-11T10:44:06","2024-06-11T10:44:23",27dawcls,27dawcls,"2024-06-11T09:44:14","2024-06-11T10:44:20","../2025-07-03/ir_adl/s/27dawcls"
"../2025-07-03/pm_adl/s/28dawfcss","2024-06-11T10:45:18","2024-06-11T10:45:43",28dawfcss,28dawfcss,"2024-06-11T09:45:22","2024-06-11T10:45:33","../2025-07-03/ir_adl/s/28dawfcss"
"../2025-07-03/pm_adl/s/29dawfcms","2024-06-11T10:47:18","2024-06-11T10:47:31",29dawfcms,29dawfcms,"2024-06-11T09:47:22","2024-06-11T10:47:34","../2025-07-03/ir_adl/s/29dawfcms"
"../2025-07-03/pm_adl/s/30dawfcls","2024-06-11T10:48:24","2024-06-11T10:48:31",30dawfcls,30dawfcls,"2024-06-11T09:48:28","2024-06-11T10:48:33","../2025-07-03/ir_adl/s/30dawfcls"
"../2025-07-03/pm_adl/sb/31dabs","2024-06-11T10:56:42","2024-06-11T10:56:59",31dabs,31dabs,"2024-06-11T09:56:46","2024-06-11T10:56:57","../2025-07-03/ir_adl/sb/31dabs"
"../2025-07-03/pm_adl/sb/32dabm","2024-06-11T10:58:28","2024-06-11T10:58:38",32dabm,32dabm,"2024-06-11T09:58:26","2024-06-11T10:58:35","../2025-07-03/ir_adl/sb/32dabm"
"../2025-07-03/pm_adl/sb/33dabl","2024-06-11T10:59:16","2024-06-11T10:59:28",33dabl,33dabl,"2024-06-11T09:59:20","2024-06-11T10:59:26","../2025-07-03/ir_adl/sb/33dabl"
"../2025-07-03/pm_adl/sd/34dassrhbd","2024-06-11T11:02:35","2024-06-11T11:02:52",34dassrhbd,34dassrhbd,"2024-06-11T10:02:34","2024-06-11T11:02:48","../2025-07-03/ir_adl/sd/34dassrhbd"
"../2025-07-03/pm_adl/sd/35damsrhbd","2024-06-11T11:03:44","2024-06-11T11:03:56",35damsrhbd,35damsrhbd,"2024-06-11T10:03:44","2024-06-11T11:03:54","../2025-07-03/ir_adl/sd/35damsrhbd"
,,,,36dalsrhbd,"2024-06-11T10:04:48","2024-06-11T10:04:56","../2025-07-03/ir_adl/sd/36dalsrhbd"
"../2025-07-03/pm_adl/sd/36dalsrhbd","2024-06-11T11:04:49","2024-06-11T11:04:59",36dalsrhbd,37dabpsl,"2024-06-11T10:06:00","2024-06-11T11:06:12","../2025-07-03/ir_adl/sd/37dabpsl"
"../2025-07-03/pm_adl/sd/37dabpsl","2024-06-11T11:06:00","2024-06-11T11:06:11",37dabpsl,38dabpml,"2024-06-11T10:07:00","2024-06-11T11:07:11","../2025-07-03/ir_adl/sd/38dabpml"
"../2025-07-03/pm_adl/sd/38dabpml","2024-06-11T11:07:01","2024-06-11T11:07:09",38dabpml,39dabpll,"2024-06-11T10:08:52","2024-06-11T11:08:58","../2025-07-03/ir_adl/sd/39dabpll"
"../2025-07-03/pm_adl/sd/39dabpll","2024-06-11T11:08:08","2024-06-11T11:08:56",39dabpll,40dapwks,"2024-06-11T10:10:44","2024-06-11T11:11:03","../2025-07-03/ir_adl/pr/40dapwks"
"../2025-07-03/pm_adl/pr/41dapwkm","2024-06-11T11:11:52","2024-06-11T11:12:08",41dapwkm,41dapwkm,"2024-06-11T10:11:52","2024-06-11T11:12:05","../2025-07-03/ir_adl/pr/41dapwkm"
"../2025-07-03/pm_adl/pr/42dapwkl","2024-06-11T11:14:36","2024-06-11T11:14:46",42dapwkl,42dapwkl,"2024-06-11T10:14:36","2024-06-11T11:14:44","../2025-07-03/ir_adl/pr/42dapwkl"
"../2025-07-03/pm_adl/sl/43dasts","2024-06-11T11:17:17","2024-06-11T11:17:26",43dasts,43dasts,"2024-06-11T10:17:18","2024-06-11T11:17:28","../2025-07-03/ir_adl/sl/43dasts"
"../2025-07-03/pm_adl/sd/44dasswd","2024-06-11T11:26:54","2024-06-11T11:27:05",44dasswd,44dasswd,"2024-06-11T10:26:52","2024-06-11T11:27:02","../2025-07-03/ir_adl/sd/44dasswd"
"../2025-07-03/pm_adl/sd/45dasss","2024-06-11T11:27:56","2024-06-11T11:28:06",45dasss,45dasss,"2024-06-11T10:27:56","2024-06-11T11:28:04","../2025-07-03/ir_adl/sd/45dasss"
"../2025-07-03/pm_adl/sd/46dassb","2024-06-11T11:28:55","2024-06-11T11:29:05",46dassb,46dassb,"2024-06-11T10:28:54","2024-06-11T11:29:03","../2025-07-03/ir_adl/sd/46dassb"
"../2025-07-03/pm_adl/sd/47dassko","2024-06-11T11:29:58","2024-06-11T11:30:06",47dassko,47dassko,"2024-06-11T10:30:02","2024-06-11T11:30:08","../2025-07-03/ir_adl/sd/47dassko"
"../2025-07-03/pm_adl/sd/48dalswd","2024-06-11T11:32:57","2024-06-11T11:33:06",48dalswd,48dalswd,"2024-06-11T10:32:56","2024-06-11T11:33:03","../2025-07-03/ir_adl/sd/48dalswd"
"../2025-07-03/pm_adl/sd/49dalsps","2024-06-11T11:35:07","2024-06-11T11:35:16",49dalsps,49dalsps,"2024-06-11T10:35:08","2024-06-11T11:35:14","../2025-07-03/ir_adl/sd/49dalsps"
"../2025-07-03/pm_adl/sd/50dalspb","2024-06-11T11:36:16","2024-06-11T11:36:27",50dalspb,50dalspb,"2024-06-11T10:36:14","2024-06-11T11:36:24","../2025-07-03/ir_adl/sd/50dalspb"
"../2025-07-03/pm_adl/sd/51dalsko","2024-06-11T11:37:20","2024-06-11T11:37:34",51dalsko,51dalsko,"2024-06-11T10:37:24","2024-06-11T11:37:32","../2025-07-03/ir_adl/sd/51dalsko"
"../2025-07-03/pm_adl/sd/52dahbf","2024-06-11T11:39:35","2024-06-11T11:39:40",52dahbf,52dahbf,"2024-06-11T10:39:34","2024-06-11T11:39:42","../2025-07-03/ir_adl/sd/52dahbf"
"../2025-07-03/pm_adl/sd/53dabpf","2024-06-11T11:40:47","2024-06-11T11:40:51",53dabpf,53dabpf,"2024-06-11T10:40:46","2024-06-11T11:40:54","../2025-07-03/ir_adl/sd/53dabpf"
"../2025-07-03/pm_adl/sd/54darpf","2024-06-11T11:42:16","2024-06-11T11:42:23",54darpf,54darpf,"2024-06-11T10:42:16","2024-06-11T11:42:25","../2025-07-03/ir_adl/sd/54darpf"
"../2025-07-03/pm_adl/sd/55dapspf","2024-06-11T11:43:33","2024-06-11T11:43:39",55dapspf,55dapspf,"2024-06-11T10:43:32","2024-06-11T11:43:41","../2025-07-03/ir_adl/sd/55dapspf"
"../2025-07-03/pm_adl/sd/56dairsbf","2024-06-11T11:45:18","2024-06-11T11:45:34",56dairsbf,56dairsbf,"2024-06-11T10:45:18","2024-06-11T11:45:36","../2025-07-03/ir_adl/sd/56dairsbf"
"../2025-07-03/pm_adl/sd/57daipsbf","2024-06-11T11:46:31","2024-06-11T11:46:48",57daipsbf,57daipsbf,"2024-06-11T10:46:32","2024-06-11T11:46:50","../2025-07-03/ir_adl/sd/57daipsbf"
"../2025-07-03/pm_adl/sd/58dapscpf","2024-06-11T11:47:50","2024-06-11T11:47:59",58dapscpf,58dapscpf,"2024-06-11T10:47:50","2024-06-11T11:48:00","../2025-07-03/ir_adl/sd/58dapscpf"
"../2025-07-03/pm_adl/dt/60dadtc","2024-06-11T11:49:49","2024-06-11T11:49:55",60dadtc,60dadtc,"2024-06-11T10:49:48","2024-06-11T11:49:52","../2025-07-03/ir_adl/dt/60dadtc"
"../2025-07-03/pm_adl/dt/61ddtp","2024-06-11T11:50:45","2024-06-11T11:50:45",61ddtp,61ddtp,"2024-06-11T10:50:46","2024-06-11T11:50:48","../2025-07-03/ir_adl/dt/61ddtp"
,,,,62dag,"2024-06-11T10:51:50","2024-06-11T11:51:54","../2025-07-03/ir_adl/dt/62dag"
,,,,63dadto,"2024-06-11T10:54:34","2024-06-11T11:54:37","../2025-07-03/ir_adl/dt/63dadto"
"../2025-07-03/pm_adl/dt/64dadtrc","2024-06-12T10:37:20","2024-06-12T10:37:20",64dadtrc,36calsrhbd,"2024-06-11T11:04:47","2024-07-29T11:49:37","../2025-07-03/ir_adl/sd/36calsrhbd"
,,,,64dadtrc,"2024-06-12T09:37:16","2024-06-12T10:37:24","../2025-07-03/ir_adl/dt/64dadtrc"
"../2025-07-03/pm_adl/dt/65dadtb","2024-06-12T10:39:25","2024-06-12T10:39:32",65dadtb,65dadtb,"2024-06-12T09:39:22","2024-06-12T10:40:10","../2025-07-03/ir_adl/dt/65dadtb"
"../2025-07-03/pm_adl/dt/66dadtbs","2024-06-12T10:43:15","2024-06-12T10:43:15",66dadtbs,66dadtbs,"2024-06-12T09:43:14","2024-06-12T10:43:17","../2025-07-03/ir_adl/dt/66dadtbs"
"../2025-07-03/pm_adl/dt/67dadtsbw","2024-06-12T10:44:39","2024-06-12T10:44:39",67dadtsbw,67dadtsbw,"2024-06-12T09:44:38","2024-06-12T10:44:41","../2025-07-03/ir_adl/dt/67dadtsbw"
"../2025-07-03/pm_adl/dt/68dadts","2024-06-12T10:45:40","2024-06-12T10:45:40",68dadts,68dadts,"2024-06-12T09:45:40","2024-06-12T10:45:43","../2025-07-03/ir_adl/dt/68dadts"
"../2025-07-03/pm_adl/cm/82dacbcc","2024-06-12T10:48:33","2024-06-12T10:49:08",82dacbcc,82dacbcc,"2024-06-12T09:48:32","2024-06-12T10:49:09","../2025-07-03/ir_adl/cm/82dacbcc"
"../2025-07-03/pm_adl/cm/83dacbcv","2024-06-12T10:50:25","2024-06-12T10:50:43",83dacbcv,83dacbcv,"2024-06-12T09:50:24","2024-06-12T10:50:44","../2025-07-03/ir_adl/cm/83dacbcv"
"../2025-07-03/pm_adl/cm/84dacbsc","2024-06-12T10:51:50","2024-06-12T10:52:23",84dacbsc,84dacbsc,"2024-06-12T09:51:50","2024-06-12T10:52:28","../2025-07-03/ir_adl/cm/84dacbsc"
"../2025-07-03/pm_adl/cm/85dacbdb","2024-06-12T10:53:31","2024-06-12T10:53:53",85dacbdb,85dacbdb,"2024-06-12T09:53:30","2024-06-12T10:53:54","../2025-07-03/ir_adl/cm/85dacbdb"
"../2025-07-03/pm_adl/cm/86dacbws","2024-06-12T10:54:46","2024-06-12T10:54:55",86dacbws,86dacbws,"2024-06-12T09:54:46","2024-06-12T10:54:57","../2025-07-03/ir_adl/cm/86dacbws"
"../2025-07-03/pm_adl/cm/87dacbtf","2024-06-12T10:55:53","2024-06-12T10:56:02",87dacbtf,87dacbtf,"2024-06-12T09:55:54","2024-06-12T10:56:00","../2025-07-03/ir_adl/cm/87dacbtf"
"../2025-07-03/pm_adl/cm/88dacbeb","2024-06-12T10:59:10","2024-06-12T10:59:22",88dacbeb,88dacbeb,"2024-06-12T09:59:08","2024-06-12T10:59:59","../2025-07-03/ir_adl/cm/88dacbeb"
"../2025-07-03/pm_adl/cm/89aacbm","2024-06-12T11:01:12","2024-06-12T11:01:30",89aacbm,89dacbm,"2024-06-12T10:01:12","2024-06-12T11:01:33","../2025-07-03/ir_adl/cm/89dacbm"
"../2025-07-03/pm_adl/ed/90dapl","2024-06-12T11:02:33","2024-06-12T11:02:50",90dapl,90dapl,"2024-06-12T10:02:32","2024-06-12T11:02:47","../2025-07-03/ir_adl/ed/90dapl"
"../2025-07-03/pm_adl/ed/91damh","2024-06-12T11:04:45","2024-06-12T11:05:02",91damh,91damh,"2024-06-12T10:04:44","2024-06-12T11:04:59","../2025-07-03/ir_adl/ed/91damh"
"../2025-07-03/pm_adl/ed/92damf","2024-06-12T11:06:18","2024-06-12T11:06:44",92damf,92damf,"2024-06-12T10:06:48","2024-06-12T11:12:34","../2025-07-03/ir_adl/ed/92damf"
"../2025-07-03/pm_adl/s/6dalssh","2024-06-12T13:21:36","2024-06-12T13:21:39",6dalssh,6dalssh,"2024-06-12T12:21:36","2024-06-12T13:21:41","../2025-07-03/ir_adl/s/6dalssh"
"../2025-07-03/pm_adl/sa/16dacrh","2024-06-12T13:22:47","2024-06-12T13:22:57",16dacrh,16dacrh,"2024-06-12T12:22:46","2024-06-12T13:22:59","../2025-07-03/ir_adl/sa/16dacrh"
"../2025-07-03/pm_fall/ff/1dpff","2024-06-12T13:43:00","2024-06-12T13:43:06",1dpff,1dpff,"2024-06-12T12:42:58","2024-06-12T13:43:09","../2025-07-03/ir_fall/ff/1dpff"
"../2025-07-03/pm_fall/ff/2dpff","2024-06-12T13:44:38","2024-06-12T13:45:03",2dpff,2dpff,"2024-06-12T12:44:38","2024-06-12T13:44:52","../2025-07-03/ir_fall/ff/2dpff"
"../2025-07-03/pm_fall/ff/3dpff","2024-06-12T13:45:50","2024-06-12T13:46:01",3dpff,3dpff,"2024-06-12T12:45:50","2024-06-12T13:45:58","../2025-07-03/ir_fall/ff/3dpff"
"../2025-07-03/pm_fall/ff/4dpff","2024-06-12T13:46:48","2024-06-12T13:46:54",4dpff,4dpff,"2024-06-12T12:46:46","2024-06-12T13:46:58","../2025-07-03/ir_fall/ff/4dpff"
"../2025-07-03/pm_fall/ff/5dpff","2024-06-12T13:47:39","2024-06-12T13:47:45",5dpff,5dpff,"2024-06-12T12:47:38","2024-06-12T13:47:47","../2025-07-03/ir_fall/ff/5dpff"
"../2025-07-03/pm_fall/ff/6dpff","2024-06-12T13:48:33","2024-06-12T13:48:39",6dpff,6dpff,"2024-06-12T12:48:32","2024-06-12T13:48:41","../2025-07-03/ir_fall/ff/6dpff"
"../2025-07-03/pm_fall/fb/7dpfb","2024-06-12T13:49:21","2024-06-12T13:49:27",7dpfb,7dpfb,"2024-06-12T12:49:20","2024-06-12T13:49:29","../2025-07-03/ir_fall/fb/7dpfb"
"../2025-07-03/pm_fall/fb/8dpfb","2024-06-12T13:50:09","2024-06-12T13:50:15",8dpfb,8dpfb,"2024-06-12T12:50:08","2024-06-12T13:50:18","../2025-07-03/ir_fall/fb/8dpfb"
"../2025-07-03/pm_fall/fb/9dpfb","2024-06-12T13:51:20","2024-06-12T13:51:26",9dpfb,9dpfb,"2024-06-12T12:51:20","2024-06-12T13:51:29","../2025-07-03/ir_fall/fb/9dpfb"
"../2025-07-03/pm_fall/fb/10dpfb","2024-06-12T13:52:05","2024-06-12T13:52:12",10dpfb,10dpfb,"2024-06-12T12:52:04","2024-06-12T13:52:15","../2025-07-03/ir_fall/fb/10dpfb"
"../2025-07-03/pm_fall/fb/11dpfb","2024-06-12T13:55:57","2024-06-12T13:56:03",11dpfb,11dpfb,"2024-06-12T12:55:56","2024-06-12T13:56:05","../2025-07-03/ir_fall/fb/11dpfb"
"../2025-07-03/pm_fall/fb/12dpfb","2024-06-12T13:56:44","2024-06-12T13:56:51",12dpfb,12dpfb,"2024-06-12T12:56:44","2024-06-12T13:56:53","../2025-07-03/ir_fall/fb/12dpfb"
"../2025-07-03/pm_fall/fsl/13dpfsl","2024-06-12T14:11:07","2024-06-12T14:11:13",13dpfsl,13dpfsl,"2024-06-12T13:11:06","2024-06-12T14:11:17","../2025-07-03/ir_fall/fsl/13dpfsl"
"../2025-07-03/pm_fall/fsl/14dpfsl","2024-06-12T14:11:59","2024-06-12T14:12:07",14dpfsl,14dpfsl,"2024-06-12T13:11:56","2024-06-12T14:12:10","../2025-07-03/ir_fall/fsl/14dpfsl"
"../2025-07-03/pm_fall/fsl/15dpfsl","2024-06-12T14:14:23","2024-06-12T14:14:38",15dpfsl,15dpfsl,"2024-06-12T13:14:30","2024-06-12T14:14:35","../2025-07-03/ir_fall/fsl/15dpfsl"
"../2025-07-03/pm_fall/fsl/16dpfsl","2024-06-12T14:15:19","2024-06-12T14:15:26",16dpfsl,16dpfsl,"2024-06-12T13:15:18","2024-06-12T14:15:28","../2025-07-03/ir_fall/fsl/16dpfsl"
"../2025-07-03/pm_fall/fsl/17dpfsl","2024-06-12T14:16:05","2024-06-12T14:16:13",17dpfsl,17dpfsl,"2024-06-12T13:16:04","2024-06-12T14:16:16","../2025-07-03/ir_fall/fsl/17dpfsl"
"../2025-07-03/pm_fall/fsl/18dpfsl","2024-06-12T14:16:53","2024-06-12T14:17:01",18dpfsl,18dpfsl,"2024-06-12T13:16:52","2024-06-12T14:17:03","../2025-07-03/ir_fall/fsl/18dpfsl"
"../2025-07-03/pm_fall/fsr/19dpfsr","2024-06-12T14:17:40","2024-06-12T14:17:47",19dpfsr,19dpfsr,"2024-06-12T13:17:38","2024-06-12T14:17:49","../2025-07-03/ir_fall/fsr/19dpfsr"
"../2025-07-03/pm_fall/fsr/20dpfsr","2024-06-12T14:18:31","2024-06-12T14:18:38",20dpfsr,20dpfsr,"2024-06-12T13:18:30","2024-06-12T14:18:40","../2025-07-03/ir_fall/fsr/20dpfsr"
"../2025-07-03/pm_fall/fsr/21dpfsr","2024-06-12T14:19:16","2024-06-12T14:19:23",21dpfsr,21dpfsr,"2024-06-12T13:19:16","2024-06-12T14:19:25","../2025-07-03/ir_fall/fsr/21dpfsr"
"../2025-07-03/pm_fall/fsr/22dpfsr","2024-06-12T14:20:02","2024-06-12T14:20:10",22dpfsr,22dpfsr,"2024-06-12T13:20:02","2024-06-12T14:20:12","../2025-07-03/ir_fall/fsr/22dpfsr"
"../2025-07-03/pm_fall/fsr/23dpfsr","2024-06-12T14:20:53","2024-06-12T14:20:59",23dpfsr,23dpfsr,"2024-06-12T13:20:52","2024-06-12T14:21:01","../2025-07-03/ir_fall/fsr/23dpfsr"
"../2025-07-03/pm_fall/fsr/24dpfsr","2024-06-12T14:21:45","2024-06-12T14:21:52",24dpfsr,24dpfsr,"2024-06-12T13:21:44","2024-06-12T14:21:55","../2025-07-03/ir_fall/fsr/24dpfsr"
"../2025-07-03/pm_fall/fe/25dpfe","2024-06-12T14:22:37","2024-06-12T14:22:44",25dpfe,25dpfe,"2024-06-12T13:22:38","2024-06-12T14:22:47","../2025-07-03/ir_fall/fe/25dpfe"
"../2025-07-03/pm_fall/fe/26dpfe","2024-06-12T14:23:31","2024-06-12T14:23:38",26dpfe,26dpfe,"2024-06-12T13:23:32","2024-06-12T14:23:40","../2025-07-03/ir_fall/fe/26dpfe"
"../2025-07-03/pm_fall/sp/27dpsp","2024-06-12T14:24:37","2024-06-12T14:24:44",27dpsp,27dpsp,"2024-06-12T13:24:36","2024-06-12T14:24:46","../2025-07-03/ir_fall/sp/27dpsp"
"../2025-07-03/pm_fall/sp/28dpsp","2024-06-12T14:25:29","2024-06-12T14:25:36",28dpsp,28dpsp,"2024-06-12T13:25:28","2024-06-12T14:25:38","../2025-07-03/ir_fall/sp/28dpsp"
"../2025-07-03/pm_fall/yo/29dpyo","2024-06-12T14:26:23","2024-06-12T14:26:31",29dpyo,29dpyo,"2024-06-12T13:26:22","2024-06-12T14:26:34","../2025-07-03/ir_fall/yo/29dpyo"
"../2025-07-03/pm_fall/sp/30dpsp","2024-06-12T14:27:21","2024-06-12T14:27:27",30dpsp,30dpsp,"2024-06-12T13:27:20","2024-06-12T14:27:29","../2025-07-03/ir_fall/sp/30dpsp"
"../2025-07-03/pm_fall/sp/31dpsp","2024-06-12T14:28:11","2024-06-12T14:28:17",31dpsp,31dpsp,"2024-06-12T13:28:10","2024-06-12T14:28:19","../2025-07-03/ir_fall/sp/31dpsp"
"../2025-07-03/pm_fall/trr/32dptrr","2024-06-12T14:29:15","2024-06-12T14:29:20",32dptrr,32dptrr,"2024-06-12T13:29:14","2024-06-12T14:29:23","../2025-07-03/ir_fall/trr/32dptrr"
"../2025-07-03/pm_fall/trl/33dptrl","2024-06-12T14:30:09","2024-06-12T14:30:15",33dptrl,33dptrl,"2024-06-12T13:30:08","2024-06-12T14:30:17","../2025-07-03/ir_fall/trl/33dptrl"
"../2025-07-03/pm_fall/fu/34dpfu","2024-06-12T14:31:44","2024-06-12T14:31:50",34dpfu,34dpfu,"2024-06-12T13:31:44","2024-06-12T14:31:52","../2025-07-03/ir_fall/fu/34dpfu"
"../2025-07-03/pm_fall/fu/35dpfu","2024-06-12T14:34:18","2024-06-12T14:34:29",35dpfu,35dpfu,"2024-06-12T13:34:22","2024-06-12T14:34:28","../2025-07-03/ir_fall/fu/35dpfu"
"../2025-07-03/pm_fall/kh/36dpkh","2024-06-12T14:35:45","2024-06-12T14:35:51",36dpkh,36dpkh,"2024-06-12T13:35:44","2024-06-12T14:35:54","../2025-07-03/ir_fall/kh/36dpkh"
"../2025-07-03/pm_fall/ff/1epff","2024-07-09T10:16:17","2024-07-09T10:23:18",1epff,1epff,"2024-07-09T09:23:10","2024-07-09T10:23:15","../2025-07-03/ir_fall/ff/1epff"
"../2025-07-03/pm_fall/ff/2epff","2024-07-09T10:28:55","2024-07-09T10:29:11",2epff,12epfb,"2024-07-09T09:29:02","2024-07-09T10:29:07","../2025-07-03/ir_fall/fb/12epfb"
"../2025-07-03/pm_fall/ff/3epff","2024-07-09T10:35:42","2024-07-09T10:36:01",3epff,23epfsr,"2024-07-09T09:30:48","2024-07-09T10:35:58","../2025-07-03/ir_fall/fsr/23epfsr"
"../2025-07-03/pm_fall/ff/4epff","2024-07-09T10:36:41","2024-07-09T10:36:47",4epff,31epsp,"2024-07-09T09:31:52","2024-07-09T10:36:51","../2025-07-03/ir_fall/sp/31epsp"
"../2025-07-03/pm_fall/ff/5epff","2024-07-09T10:37:37","2024-07-09T10:37:43",5epff,32eptrr,"2024-07-09T09:37:36","2024-07-09T10:37:47","../2025-07-03/ir_fall/trr/32eptrr"
"../2025-07-03/pm_fall/ff/6epff","2024-07-09T10:38:29","2024-07-09T10:38:35",6epff,33eptrl,"2024-07-09T09:38:28","2024-07-09T10:38:37","../2025-07-03/ir_fall/trl/33eptrl"
"../2025-07-03/pm_fall/fb/7epfb","2024-07-09T10:39:32","2024-07-09T10:39:37",7epfb,34epfu,"2024-07-09T09:39:32","2024-07-09T10:39:41","../2025-07-03/ir_fall/fu/34epfu"
"../2025-07-03/pm_fall/fb/8epfb","2024-07-09T10:40:24","2024-07-09T10:40:36",8epfb,35epfu,"2024-07-09T09:40:30","2024-07-09T10:40:34","../2025-07-03/ir_fall/fu/35epfu"
"../2025-07-03/pm_fall/fb/9epfb","2024-07-09T10:42:01","2024-07-09T10:42:07",9epfb,36epkh,"2024-07-09T09:42:00","2024-07-09T10:42:10","../2025-07-03/ir_fall/kh/36epkh"
"../2025-07-03/pm_fall/fb/10epfb","2024-07-09T10:43:45","2024-07-09T10:43:52",10epfb,2epff,"2024-07-09T09:43:44","2024-07-09T10:43:54","../2025-07-03/ir_fall/ff/2epff"
"../2025-07-03/pm_fall/fb/11epfb","2024-07-09T10:44:56","2024-07-09T10:45:03",11epfb,3epff,"2024-07-09T09:44:54","2024-07-09T10:45:06","../2025-07-03/ir_fall/ff/3epff"
"../2025-07-03/pm_fall/fb/12epfb","2024-07-09T10:45:55","2024-07-09T10:46:01",12epfb,4epff,"2024-07-09T09:45:54","2024-07-09T10:46:03","../2025-07-03/ir_fall/ff/4epff"
"../2025-07-03/pm_fall/fsl/13epfsl","2024-07-09T10:46:52","2024-07-09T10:46:58",13epfsl,5epff,"2024-07-09T09:46:52","2024-07-09T10:47:01","../2025-07-03/ir_fall/ff/5epff"
"../2025-07-03/pm_fall/fsl/14epfsl","2024-07-09T10:47:42","2024-07-09T10:47:53",14epfsl,6epff,"2024-07-09T09:47:46","2024-07-09T10:47:51","../2025-07-03/ir_fall/ff/6epff"
"../2025-07-03/pm_fall/fsl/15epfsl","2024-07-09T10:48:43","2024-07-09T10:48:55",15epfsl,7epfb,"2024-07-09T09:48:48","2024-07-09T10:48:52","../2025-07-03/ir_fall/fb/7epfb"
"../2025-07-03/pm_fall/fsl/16epfsl","2024-07-09T10:49:44","2024-07-09T10:49:59",16epfsl,8epfb,"2024-07-09T09:49:50","2024-07-09T10:49:56","../2025-07-03/ir_fall/fb/8epfb"
"../2025-07-03/pm_fall/fsl/17epfsl","2024-07-09T10:50:45","2024-07-09T10:50:57",17epfsl,9epfb,"2024-07-09T09:50:50","2024-07-09T10:50:56","../2025-07-03/ir_fall/fb/9epfb"
"../2025-07-03/pm_fall/fsl/18epfsl","2024-07-09T10:51:47","2024-07-09T10:51:53",18epfsl,10epfb,"2024-07-09T09:51:48","2024-07-09T10:51:58","../2025-07-03/ir_fall/fb/10epfb"
"../2025-07-03/pm_fall/fsr/22epfsr","2024-07-09T10:53:06","2024-07-09T10:53:20",22epfsr,15epfsl,"2024-07-09T09:53:14","2024-07-09T10:53:18","../2025-07-03/ir_fall/fsl/15epfsl"
"../2025-07-03/pm_fall/fsr/23epfsr","2024-07-09T10:54:02","2024-07-09T10:54:14",23epfsr,16epfsl,"2024-07-09T09:54:06","2024-07-09T10:54:11","../2025-07-03/ir_fall/fsl/16epfsl"
"../2025-07-03/pm_fall/fsr/24epfsr","2024-07-09T10:54:51","2024-07-09T10:55:00",24epfsr,17epfsl,"2024-07-09T09:54:52","2024-07-09T10:55:03","../2025-07-03/ir_fall/fsl/17epfsl"
"../2025-07-03/pm_fall/fsr/19epfsr","2024-07-09T11:05:30","2024-07-09T11:05:45",19epfsr,11epfb,"2024-07-09T10:05:38","2024-07-09T11:05:42","../2025-07-03/ir_fall/fb/11epfb"
"../2025-07-03/pm_fall/fsr/20epfsr","2024-07-09T11:06:22","2024-07-09T11:06:27",20epfsr,13epfsl,"2024-07-09T10:06:22","2024-07-09T11:06:30","../2025-07-03/ir_fall/fsl/13epfsl"
"../2025-07-03/pm_fall/fsr/21epfsr","2024-07-09T11:07:03","2024-07-09T11:07:15",21epfsr,14epfsl,"2024-07-09T10:07:08","2024-07-09T11:07:12","../2025-07-03/ir_fall/fsl/14epfsl"
"../2025-07-03/pm_fall/fe/25epfe","2024-07-09T11:08:00","2024-07-09T11:08:06",25epfe,18epfsl,"2024-07-09T10:08:00","2024-07-09T11:08:08","../2025-07-03/ir_fall/fsl/18epfsl"
"../2025-07-03/pm_fall/fe/26epfe","2024-07-09T11:08:58","2024-07-09T11:09:04",26epfe,19epfsr,"2024-07-09T10:08:56","2024-07-09T11:09:07","../2025-07-03/ir_fall/fsr/19epfsr"
"../2025-07-03/pm_fall/sp/27epsp","2024-07-09T11:09:44","2024-07-09T11:09:54",27epsp,20epfsr,"2024-07-09T10:09:48","2024-07-09T11:09:52","../2025-07-03/ir_fall/fsr/20epfsr"
"../2025-07-03/pm_fall/sp/28epsp","2024-07-09T11:10:37","2024-07-09T11:10:43",28epsp,21epfsr,"2024-07-09T10:10:36","2024-07-09T11:10:45","../2025-07-03/ir_fall/fsr/21epfsr"
"../2025-07-03/pm_fall/yo/29epyo","2024-07-09T11:11:26","2024-07-09T11:11:37",29epyo,22epfsr,"2024-07-09T10:11:30","2024-07-09T11:11:35","../2025-07-03/ir_fall/fsr/22epfsr"
"../2025-07-03/pm_fall/sp/30epsp","2024-07-09T11:12:19","2024-07-09T11:12:26",30epsp,24epfsr,"2024-07-09T10:12:18","2024-07-09T11:12:29","../2025-07-03/ir_fall/fsr/24epfsr"
"../2025-07-03/pm_fall/sp/31epsp","2024-07-09T11:13:13","2024-07-09T11:13:19",31epsp,25epfe,"2024-07-09T10:13:12","2024-07-09T11:13:21","../2025-07-03/ir_fall/fe/25epfe"
"../2025-07-03/pm_fall/trr/32eptrr","2024-07-09T11:14:02","2024-07-09T11:14:09",32eptrr,26epfe,"2024-07-09T10:14:02","2024-07-09T11:14:11","../2025-07-03/ir_fall/fe/26epfe"
"../2025-07-03/pm_fall/trl/33eptrl","2024-07-09T11:15:23","2024-07-09T11:15:29",33eptrl,27epsp,"2024-07-09T10:15:22","2024-07-09T11:15:32","../2025-07-03/ir_fall/sp/27epsp"
"../2025-07-03/pm_fall/fu/34epfu","2024-07-09T11:16:18","2024-07-09T11:16:24",34epfu,28epsp,"2024-07-09T10:16:16","2024-07-09T11:16:26","../2025-07-03/ir_fall/sp/28epsp"
"../2025-07-03/pm_fall/fu/35epfu","2024-07-09T11:17:04","2024-07-09T11:17:10",35epfu,29epyo,"2024-07-09T10:17:04","2024-07-09T11:17:13","../2025-07-03/ir_fall/yo/29epyo"
"../2025-07-03/pm_fall/kh/36epkh","2024-07-09T11:17:53","2024-07-09T11:18:01",36epkh,30epsp,"2024-07-09T10:17:54","2024-07-09T11:18:03","../2025-07-03/ir_fall/sp/30epsp"
"../2025-07-03/pm_adl/s/1easss","2024-07-09T11:20:10","2024-07-09T11:20:45",1easss,1easss,"2024-07-09T10:20:04","2024-07-09T11:20:43","../2025-07-03/ir_adl/s/1easss"
"../2025-07-03/pm_adl/s/2eamss","2024-07-09T11:22:00","2024-07-09T11:22:11",2eamss,2eamss,"2024-07-09T10:22:00","2024-07-09T11:22:10","../2025-07-03/ir_adl/s/2eamss"
,,,,3ealss,"2024-07-09T10:26:06","2024-07-09T11:26:17","../2025-07-03/ir_adl/s/3ealss"
"../2025-07-03/pm_adl/s/4easssh","2024-07-09T11:27:35","2024-07-09T11:27:53",4easssh,4easssh,"2024-07-09T10:27:32","2024-07-09T11:27:58","../2025-07-03/ir_adl/s/4easssh"
"../2025-07-03/pm_adl/s/5eamssh","2024-07-09T11:28:41","2024-07-09T11:28:50",5eamssh,5eamssh,"2024-07-09T10:28:40","2024-07-09T11:28:51","../2025-07-03/ir_adl/s/5eamssh"
"../2025-07-03/pm_adl/s/6ealssh","2024-07-09T11:30:00","2024-07-09T11:30:03",6ealssh,6ealssh,"2024-07-09T10:30:00","2024-07-09T11:30:04","../2025-07-03/ir_adl/s/6ealssh"
"../2025-07-03/pm_adl/s/7easssl","2024-07-09T11:31:00","2024-07-09T11:31:14",7easssl,7easssl,"2024-07-09T10:30:56","2024-07-09T11:31:15","../2025-07-03/ir_adl/s/7easssl"
"../2025-07-03/pm_adl/s/8eamssl","2024-07-09T11:38:10","2024-07-09T11:38:18",8eamssl,8eamssl,"2024-07-09T10:38:04","2024-07-09T11:38:19","../2025-07-03/ir_adl/s/8eamssl"
"../2025-07-03/pm_adl/s/9ealssl","2024-07-09T11:39:41","2024-07-09T11:39:45",9ealssl,9ealssl,"2024-07-09T10:39:40","2024-07-09T11:39:49","../2025-07-03/ir_adl/s/9ealssl"
"../2025-07-03/pm_adl/s/10easst","2024-07-09T11:41:06","2024-07-09T11:41:19",10easst,10easst,"2024-07-09T10:41:04","2024-07-09T11:41:20","../2025-07-03/ir_adl/s/10easst"
"../2025-07-03/pm_adl/s/11eamst","2024-07-09T11:42:01","2024-07-09T11:42:07",11eamst,11eamst,"2024-07-09T10:41:58","2024-07-09T11:42:08","../2025-07-03/ir_adl/s/11eamst"
"../2025-07-03/pm_adl/s/12eaalst","2024-07-09T11:43:48","2024-07-09T11:43:50",12eaalst,12eaalst,"2024-07-09T10:43:44","2024-07-09T11:43:53","../2025-07-03/ir_adl/s/12eaalst"
"../2025-07-03/pm_adl/s/13ealflu","2024-07-09T11:44:39","2024-07-09T11:44:43",13ealflu,13ealflu,"2024-07-09T10:44:38","2024-07-09T11:44:45","../2025-07-03/ir_adl/s/13ealflu"
"../2025-07-03/pm_adl/s/14earflu","2024-07-09T11:48:20","2024-07-09T11:48:26",14earflu,14earflu,"2024-07-09T10:48:18","2024-07-09T11:48:27","../2025-07-03/ir_adl/s/14earflu"
"../2025-07-03/pm_adl/sa/15eaclh","2024-07-09T11:49:13","2024-07-09T11:49:20",15eaclh,15eaclh,"2024-07-09T10:49:12","2024-07-09T11:49:20","../2025-07-03/ir_adl/sa/15eaclh"
"../2025-07-03/pm_adl/sa/16eacrh","2024-07-09T11:50:04","2024-07-09T11:50:08",16eacrh,16eacrh,"2024-07-09T10:50:02","2024-07-09T11:50:09","../2025-07-03/ir_adl/sa/16eacrh"
"../2025-07-03/pm_adl/sa/17ea2c","2024-07-09T11:51:09","2024-07-09T11:51:15",17ea2c,17ea2c,"2024-07-09T10:51:08","2024-07-09T11:51:17","../2025-07-03/ir_adl/sa/17ea2c"
"../2025-07-03/pm_adl/st/18east","2024-07-09T11:52:12","2024-07-09T11:52:14",18east,18east,"2024-07-09T10:52:10","2024-07-09T11:52:17","../2025-07-03/ir_adl/st/18east"
"../2025-07-03/pm_adl/st/19ealst","2024-07-09T11:54:04","2024-07-09T11:54:06",19ealst,19ealst,"2024-07-09T10:53:58","2024-07-09T11:54:11","../2025-07-03/ir_adl/st/19ealst"
"../2025-07-03/pm_adl/sv/20eavss","2024-07-09T11:55:21","2024-07-09T11:55:24",20eavss,20eavss,"2024-07-09T10:55:16","2024-07-09T11:55:26","../2025-07-03/ir_adl/sv/20eavss"
"../2025-07-03/pm_adl/sv/21eavlss","2024-07-09T11:56:11","2024-07-09T11:56:16",21eavlss,21eavlss,"2024-07-09T10:56:10","2024-07-09T11:56:17","../2025-07-03/ir_adl/sv/21eavlss"
"../2025-07-03/pm_adl/st/22eawdr","2024-07-09T11:57:06","2024-07-09T11:57:10",22eawdr,22eawdr,"2024-07-09T10:57:04","2024-07-09T11:57:11","../2025-07-03/ir_adl/st/22eawdr"
"../2025-07-03/pm_adl/st/23eawdkr","2024-07-09T11:59:36","2024-07-09T11:59:40",23eawdkr,23eawdkr,"2024-07-09T10:59:34","2024-07-09T11:59:42","../2025-07-03/ir_adl/st/23eawdkr"
"../2025-07-03/pm_adl/s/25eawcss","2024-07-09T12:00:48","2024-07-09T12:00:51",25eawcss,24eakc,"2024-07-09T11:00:44","2024-07-09T12:01:18","../2025-07-03/ir_adl/kc/24eakc"
,,,,25eawcss,"2024-07-09T11:01:54","2024-07-09T12:02:08","../2025-07-03/ir_adl/s/25eawcss"
"../2025-07-03/pm_adl/s/26eawcms","2024-07-09T12:02:56","2024-07-09T12:03:06",26eawcms,26eawcms,"2024-07-09T11:02:56","2024-07-09T12:03:04","../2025-07-03/ir_adl/s/26eawcms"
"../2025-07-03/pm_adl/s/27eawcls","2024-07-09T12:03:48","2024-07-09T12:03:55",27eawcls,27eawcls,"2024-07-09T11:03:46","2024-07-09T12:03:52","../2025-07-03/ir_adl/s/27eawcls"
"../2025-07-03/pm_adl/s/28eawfcss","2024-07-09T12:04:45","2024-07-09T12:05:04",28eawfcss,28eawfcss,"2024-07-09T11:04:48","2024-07-09T12:05:06","../2025-07-03/ir_adl/s/28eawfcss"
"../2025-07-03/pm_adl/s/29eawfcms","2024-07-09T12:05:53","2024-07-09T12:06:05",29eawfcms,29eawfcms,"2024-07-09T11:05:56","2024-07-09T12:06:07","../2025-07-03/ir_adl/s/29eawfcms"
"../2025-07-03/pm_adl/s/30eawfcls","2024-07-09T12:07:46","2024-07-09T12:07:53",30eawfcls,30eawfcls,"2024-07-09T11:07:44","2024-07-09T12:07:54","../2025-07-03/ir_adl/s/30eawfcls"
"../2025-07-03/pm_adl/sb/31eabs","2024-07-09T12:09:06","2024-07-09T12:09:10",31eabs,31eabs,"2024-07-09T11:08:58","2024-07-09T12:09:11","../2025-07-03/ir_adl/sb/31eabs"
"../2025-07-03/pm_adl/sb/32eabm","2024-07-09T12:09:52","2024-07-09T12:09:58",32eabm,32eabm,"2024-07-09T11:09:52","2024-07-09T12:10:00","../2025-07-03/ir_adl/sb/32eabm"
"../2025-07-03/pm_adl/sb/33eabl","2024-07-09T12:11:03","2024-07-09T12:11:10",33eabl,33eabl,"2024-07-09T11:11:02","2024-07-09T12:11:12","../2025-07-03/ir_adl/sb/33eabl"
"../2025-07-03/pm_adl/sd/34eassrhbd","2024-07-09T12:12:05","2024-07-09T12:12:20",34eassrhbd,34eassrhbd,"2024-07-09T11:12:04","2024-07-09T12:12:17","../2025-07-03/ir_adl/sd/34eassrhbd"
"../2025-07-03/pm_adl/sd/35eamsrhbd","2024-07-09T12:17:11","2024-07-09T12:17:23",35eamsrhbd,35eamsrhbd,"2024-07-09T11:17:10","2024-07-09T12:17:18","../2025-07-03/ir_adl/sd/35eamsrhbd"
"../2025-07-03/pm_adl/sd/36ealsrhbd","2024-07-09T12:18:03","2024-07-09T12:18:10",36ealsrhbd,36ealsrhbd,"2024-07-09T11:18:02","2024-07-09T12:18:08","../2025-07-03/ir_adl/sd/36ealsrhbd"
"../2025-07-03/pm_adl/sd/37eabpsl","2024-07-09T12:18:55","2024-07-09T12:19:12",37eabpsl,37eabpsl,"2024-07-09T11:18:52","2024-07-09T12:19:10","../2025-07-03/ir_adl/sd/37eabpsl"
"../2025-07-03/pm_adl/sd/38eabpml","2024-07-09T12:19:59","2024-07-09T12:20:11",38eabpml,38eabpml,"2024-07-09T11:19:56","2024-07-09T12:20:09","../2025-07-03/ir_adl/sd/38eabpml"
"../2025-07-03/pm_adl/sd/39eabpll","2024-07-09T12:20:56","2024-07-09T12:21:03",39eabpll,39eabpll,"2024-07-09T11:20:52","2024-07-09T12:21:01","../2025-07-03/ir_adl/sd/39eabpll"
"../2025-07-03/pm_adl/pr/40eapwks","2024-07-09T12:22:26","2024-07-09T12:22:43",40eapwks,40eapwks,"2024-07-09T11:22:24","2024-07-09T12:22:40","../2025-07-03/ir_adl/pr/40eapwks"
"../2025-07-03/pm_adl/pr/41eapwkm","2024-07-09T12:23:22","2024-07-09T12:23:39",41eapwkm,41eapwkm,"2024-07-09T11:23:20","2024-07-09T12:23:36","../2025-07-03/ir_adl/pr/41eapwkm"
"../2025-07-03/pm_adl/pr/42eapwkl","2024-07-09T12:24:24","2024-07-09T12:24:35",42eapwkl,42eapwkl,"2024-07-09T11:24:20","2024-07-09T12:24:34","../2025-07-03/ir_adl/pr/42eapwkl"
"../2025-07-03/pm_adl/sl/43easts","2024-07-09T12:25:28","2024-07-09T12:25:41",43easts,43easts,"2024-07-09T11:25:24","2024-07-09T12:25:42","../2025-07-03/ir_adl/sl/43easts"
"../2025-07-03/pm_adl/sd/44easswd","2024-07-09T12:29:26","2024-07-09T12:29:35",44easswd,44easswd,"2024-07-09T11:29:22","2024-07-09T12:29:33","../2025-07-03/ir_adl/sd/44easswd"
"../2025-07-03/pm_adl/sd/45easss","2024-07-09T12:30:14","2024-07-09T12:30:27",45easss,45easss,"2024-07-09T11:30:12","2024-07-09T12:30:21","../2025-07-03/ir_adl/sd/45easss"
"../2025-07-03/pm_adl/sd/46eassb","2024-07-09T12:31:15","2024-07-09T12:31:32",46eassb,46eassb,"2024-07-09T11:31:14","2024-07-09T12:31:22","../2025-07-03/ir_adl/sd/46eassb"
"../2025-07-03/pm_adl/sd/47eassko","2024-07-09T12:32:12","2024-07-09T12:32:22",47eassko,47eassko,"2024-07-09T11:32:12","2024-07-09T12:32:20","../2025-07-03/ir_adl/sd/47eassko"
"../2025-07-03/pm_adl/sd/48ealswd","2024-07-09T12:33:03","2024-07-09T12:33:19",48ealswd,48ealswd,"2024-07-09T11:33:02","2024-07-09T12:33:09","../2025-07-03/ir_adl/sd/48ealswd"
"../2025-07-03/pm_adl/cm/82eacbcc","2024-07-09T12:34:55","2024-07-09T12:35:26",82eacbcc,82eacbcc,"2024-07-09T11:34:54","2024-07-09T12:35:28","../2025-07-03/ir_adl/cm/82eacbcc"
"../2025-07-03/pm_adl/sd/49ealsps","2024-07-09T12:36:23","2024-07-09T12:36:42",49ealsps,83eacbcv,"2024-07-09T11:36:20","2024-07-09T12:36:40","../2025-07-03/ir_adl/cm/83eacbcv"
,,,,49ealsps,"2024-07-09T11:40:06","2024-07-09T12:40:18","../2025-07-03/ir_adl/sd/49ealsps"
"../2025-07-03/pm_adl/sd/50ealspb","2024-07-09T12:41:02","2024-07-09T12:41:16",50ealspb,50ealspb,"2024-07-09T11:41:00","2024-07-09T12:41:18","../2025-07-03/ir_adl/sd/50ealspb"
"../2025-07-03/pm_adl/sd/51ealsko","2024-07-09T12:42:00","2024-07-09T12:42:10",51ealsko,51ealsko,"2024-07-09T11:42:00","2024-07-09T12:42:08","../2025-07-03/ir_adl/sd/51ealsko"
"../2025-07-03/pm_adl/sd/52eahbf","2024-07-09T12:43:37","2024-07-09T12:43:46",52eahbf,52eahbf,"2024-07-09T11:43:36","2024-07-09T12:43:47","../2025-07-03/ir_adl/sd/52eahbf"
"../2025-07-03/pm_adl/sd/53eabpf","2024-07-09T12:44:27","2024-07-09T12:44:37",53eabpf,53eabpf,"2024-07-09T11:44:26","2024-07-09T12:44:38","../2025-07-03/ir_adl/sd/53eabpf"
"../2025-07-03/pm_adl/sd/54earpf","2024-07-09T12:45:40","2024-07-09T12:45:48",54earpf,54earpf,"2024-07-09T11:45:38","2024-07-09T12:45:49","../2025-07-03/ir_adl/sd/54earpf"
"../2025-07-03/pm_adl/sd/55eapspf","2024-07-09T12:46:32","2024-07-09T12:46:42",55eapspf,55eapspf,"2024-07-09T11:46:30","2024-07-09T12:46:44","../2025-07-03/ir_adl/sd/55eapspf"
"../2025-07-03/pm_adl/sd/56eairsbf","2024-07-09T12:48:28","2024-07-09T12:48:47",56eairsbf,56eairsbf,"2024-07-09T11:48:26","2024-07-09T12:48:48","../2025-07-03/ir_adl/sd/56eairsbf"
"../2025-07-03/pm_adl/sd/57eaipsbf","2024-07-09T12:50:55","2024-07-09T12:51:14",57eaipsbf,57eaipsbf,"2024-07-09T11:50:52","2024-07-09T12:51:16","../2025-07-03/ir_adl/sd/57eaipsbf"
"../2025-07-03/pm_adl/sd/58eapscpf","2024-07-09T12:52:18","2024-07-09T12:52:28",58eapscpf,58eapscpf,"2024-07-09T11:52:16","2024-07-09T12:52:25","../2025-07-03/ir_adl/sd/58eapscpf"
"../2025-07-03/pm_adl/cm/83bacbcv","2024-07-10T13:31:09","2024-07-10T13:31:27",83bacbcv,82bacbcc,"2024-07-10T12:31:02","2024-07-10T13:31:27","../2025-07-03/ir_adl/cm/82bacbcc"
,,,,83bacbcv,"2024-07-10T12:33:36","2024-07-10T13:33:54","../2025-07-03/ir_adl/cm/83bacbcv"
"../2025-07-03/pm_fall/ff/1bpff","2024-07-10T13:35:48","2024-07-10T13:36:02",1bpff,1bpff,"2024-07-10T12:35:54","2024-07-10T13:36:00","../2025-07-03/ir_fall/ff/1bpff"
"../2025-07-03/pm_fall/ff/2bpff","2024-07-10T13:36:45","2024-07-10T13:37:02",2bpff,2bpff,"2024-07-10T12:36:44","2024-07-10T13:36:58","../2025-07-03/ir_fall/ff/2bpff"
"../2025-07-03/pm_fall/ff/3bpff","2024-07-10T13:37:47","2024-07-10T13:37:56",3bpff,3bpff,"2024-07-10T12:37:46","2024-07-10T13:37:55","../2025-07-03/ir_fall/ff/3bpff"
"../2025-07-03/pm_fall/ff/4bpff","2024-07-10T13:38:34","2024-07-10T13:38:42",4bpff,4bpff,"2024-07-10T12:38:32","2024-07-10T13:38:40","../2025-07-03/ir_fall/ff/4bpff"
"../2025-07-03/pm_fall/ff/5bpff","2024-07-10T13:39:19","2024-07-10T13:39:26",5bpff,5bpff,"2024-07-10T12:39:18","2024-07-10T13:39:25","../2025-07-03/ir_fall/ff/5bpff"
"../2025-07-03/pm_fall/ff/6bpff","2024-07-10T13:40:03","2024-07-10T13:40:09",6bpff,6bpff,"2024-07-10T12:40:02","2024-07-10T13:40:11","../2025-07-03/ir_fall/ff/6bpff"
"../2025-07-03/pm_fall/fb/7bpfb","2024-07-10T13:40:46","2024-07-10T13:40:56",7bpfb,7bpfb,"2024-07-10T12:40:46","2024-07-10T13:40:53","../2025-07-03/ir_fall/fb/7bpfb"
"../2025-07-03/pm_fall/fb/8bpfb","2024-07-10T13:41:34","2024-07-10T13:41:42",8bpfb,8bpfb,"2024-07-10T12:41:42","2024-07-10T13:42:08","../2025-07-03/ir_fall/fb/8bpfb"
"../2025-07-03/pm_fall/fb/9bpfb","2024-07-10T13:42:22","2024-07-10T13:42:31",9bpfb,9bpfb,"2024-07-10T12:42:22","2024-07-10T13:42:28","../2025-07-03/ir_fall/fb/9bpfb"
"../2025-07-03/pm_fall/fb/10bpfb","2024-07-10T13:43:07","2024-07-10T13:43:15",10bpfb,10bpfb,"2024-07-10T12:43:06","2024-07-10T13:43:14","../2025-07-03/ir_fall/fb/10bpfb"
"../2025-07-03/pm_fall/fb/11bpfb","2024-07-10T13:43:55","2024-07-10T13:44:03",11bpfb,11bpfb,"2024-07-10T12:43:54","2024-07-10T13:44:01","../2025-07-03/ir_fall/fb/11bpfb"
"../2025-07-03/pm_fall/fb/12bpfb","2024-07-10T13:44:41","2024-07-10T13:44:49",12bpfb,12bpfb,"2024-07-10T12:44:40","2024-07-10T13:44:47","../2025-07-03/ir_fall/fb/12bpfb"
"../2025-07-03/pm_fall/fsl/13bpfsl","2024-07-10T13:45:30","2024-07-10T13:45:39",13bpfsl,13bpfsl,"2024-07-10T12:45:30","2024-07-10T13:45:37","../2025-07-03/ir_fall/fsl/13bpfsl"
"../2025-07-03/pm_fall/fsl/14bpfsl","2024-07-10T13:46:22","2024-07-10T13:46:30",14bpfsl,14bpfsl,"2024-07-10T12:46:20","2024-07-10T13:46:28","../2025-07-03/ir_fall/fsl/14bpfsl"
"../2025-07-03/pm_fall/fsl/15bpfsl","2024-07-10T13:47:17","2024-07-10T13:47:26",15bpfsl,15bpfsl,"2024-07-10T12:47:16","2024-07-10T13:47:23","../2025-07-03/ir_fall/fsl/15bpfsl"
"../2025-07-03/pm_fall/fsl/16bpfsl","2024-07-10T13:48:24","2024-07-10T13:48:33",16bpfsl,16bpfsl,"2024-07-10T12:48:24","2024-07-10T13:48:31","../2025-07-03/ir_fall/fsl/16bpfsl"
"../2025-07-03/pm_fall/fsl/17bpfsl","2024-07-10T13:49:07","2024-07-10T13:49:15",17bpfsl,17bpfsl,"2024-07-10T12:49:06","2024-07-10T13:49:13","../2025-07-03/ir_fall/fsl/17bpfsl"
"../2025-07-03/pm_fall/fsl/18bpfsl","2024-07-10T13:49:53","2024-07-10T13:50:01",18bpfsl,18bpfsl,"2024-07-10T12:49:52","2024-07-10T13:49:59","../2025-07-03/ir_fall/fsl/18bpfsl"
"../2025-07-03/pm_fall/fsr/19bp1fsr","2024-07-10T13:50:39","2024-07-10T13:50:48",19bp1fsr,19bp1fsr,"2024-07-10T12:50:38","2024-07-10T13:50:45","../2025-07-03/ir_fall/fsr/19bp1fsr"
"../2025-07-03/pm_fall/fsr/20bpfsr","2024-07-10T13:51:22","2024-07-10T13:51:30",20bpfsr,20bpfsr,"2024-07-10T12:51:22","2024-07-10T13:51:28","../2025-07-03/ir_fall/fsr/20bpfsr"
"../2025-07-03/pm_fall/fsr/21bpfsr","2024-07-10T13:52:08","2024-07-10T13:52:16",21bpfsr,21bpfsr,"2024-07-10T12:52:08","2024-07-10T13:52:13","../2025-07-03/ir_fall/fsr/21bpfsr"
"../2025-07-03/pm_fall/fsr/22bpfsr","2024-07-10T13:52:56","2024-07-10T13:53:05",22bpfsr,22bpfsr,"2024-07-10T12:52:54","2024-07-10T13:53:03","../2025-07-03/ir_fall/fsr/22bpfsr"
"../2025-07-03/pm_fall/fsr/23bpfsr","2024-07-10T13:53:42","2024-07-10T13:53:50",23bpfsr,23bpfsr,"2024-07-10T12:53:42","2024-07-10T13:53:48","../2025-07-03/ir_fall/fsr/23bpfsr"
"../2025-07-03/pm_fall/fsr/24bpfsr","2024-07-10T13:54:24","2024-07-10T13:54:31",24bpfsr,24bpfsr,"2024-07-10T12:54:24","2024-07-10T13:54:30","../2025-07-03/ir_fall/fsr/24bpfsr"
"../2025-07-03/pm_fall/fe/25bpfe","2024-07-10T13:55:17","2024-07-10T13:55:25",25bpfe,25bpfe,"2024-07-10T12:55:16","2024-07-10T13:55:23","../2025-07-03/ir_fall/fe/25bpfe"
"../2025-07-03/pm_fall/fe/26bpfe","2024-07-10T13:55:59","2024-07-10T13:56:08",26bpfe,26bpfe,"2024-07-10T12:56:00","2024-07-10T13:56:06","../2025-07-03/ir_fall/fe/26bpfe"
"../2025-07-03/pm_fall/sp/27bpsp","2024-07-10T13:56:47","2024-07-10T13:56:55",27bpsp,27bpsp,"2024-07-10T12:56:46","2024-07-10T13:56:53","../2025-07-03/ir_fall/sp/27bpsp"
"../2025-07-03/pm_fall/sp/28bpsp","2024-07-10T13:57:35","2024-07-10T13:57:43",28bpsp,28bpsp,"2024-07-10T12:57:34","2024-07-10T13:57:42","../2025-07-03/ir_fall/sp/28bpsp"
"../2025-07-03/pm_fall/yo/29bpyo","2024-07-10T14:01:42","2024-07-10T14:01:50",29bpyo,29bpyo,"2024-07-10T13:01:42","2024-07-10T14:01:48","../2025-07-03/ir_fall/yo/29bpyo"
"../2025-07-03/pm_fall/sp/30bpsp","2024-07-10T14:02:44","2024-07-10T14:02:52",30bpsp,30bpsp,"2024-07-10T13:02:42","2024-07-10T14:02:50","../2025-07-03/ir_fall/sp/30bpsp"
"../2025-07-03/pm_fall/sp/31bpsp","2024-07-10T14:03:27","2024-07-10T14:03:35",31bpsp,31bpsp,"2024-07-10T13:03:26","2024-07-10T14:03:33","../2025-07-03/ir_fall/sp/31bpsp"
"../2025-07-03/pm_fall/trr/32bptrr","2024-07-10T14:04:17","2024-07-10T14:04:24",32bptrr,32bptrr,"2024-07-10T13:04:16","2024-07-10T14:04:22","../2025-07-03/ir_fall/trr/32bptrr"
"../2025-07-03/pm_fall/trl/33bptrl","2024-07-10T14:05:04","2024-07-10T14:05:12",33bptrl,33bptrl,"2024-07-10T13:05:04","2024-07-10T14:05:10","../2025-07-03/ir_fall/trl/33bptrl"
"../2025-07-03/pm_fall/fu/34bpfu","2024-07-10T14:05:47","2024-07-10T14:05:57",34bpfu,34bpfu,"2024-07-10T13:05:46","2024-07-10T14:05:55","../2025-07-03/ir_fall/fu/34bpfu"
"../2025-07-03/pm_fall/fu/35bpfu","2024-07-10T14:06:40","2024-07-10T14:06:48",35bpfu,35bpfu,"2024-07-10T13:06:40","2024-07-10T14:06:47","../2025-07-03/ir_fall/fu/35bpfu"
"../2025-07-03/pm_fall/kh/36bpkh","2024-07-10T14:07:27","2024-07-10T14:07:37",36bpkh,36bpkh,"2024-07-10T13:07:28","2024-07-10T14:07:34","../2025-07-03/ir_fall/kh/36bpkh"
"../2025-07-03/pm_adl/s/1basss","2024-07-10T14:24:35","2024-07-10T14:24:45",1basss,1basss,"2024-07-10T13:24:30","2024-07-10T14:24:47","../2025-07-03/ir_adl/s/1basss"
"../2025-07-03/pm_adl/s/2bamss","2024-07-10T14:25:26","2024-07-10T14:25:33",2bamss,2bamss,"2024-07-10T13:25:24","2024-07-10T14:25:35","../2025-07-03/ir_adl/s/2bamss"
"../2025-07-03/pm_adl/s/3balss","2024-07-10T14:26:10","2024-07-10T14:26:13",3balss,3balss,"2024-07-10T13:26:06","2024-07-10T14:26:15","../2025-07-03/ir_adl/s/3balss"
"../2025-07-03/pm_adl/s/4basssh","2024-07-10T14:27:18","2024-07-10T14:27:25",4basssh,4basssh,"2024-07-10T13:27:16","2024-07-10T14:27:27","../2025-07-03/ir_adl/s/4basssh"
"../2025-07-03/pm_adl/s/5bamsssh","2024-07-10T14:28:01","2024-07-10T14:29:33",5bamsssh,5bamsssh,"2024-07-10T13:29:20","2024-07-10T14:29:35","../2025-07-03/ir_adl/s/5bamsssh"
"../2025-07-03/pm_adl/s/6balssh","2024-07-10T14:30:10","2024-07-10T14:30:13",6balssh,6balssh,"2024-07-10T13:30:08","2024-07-10T14:30:44","../2025-07-03/ir_adl/s/6balssh"
"../2025-07-03/pm_adl/s/7basssl","2024-07-10T14:31:53","2024-07-10T14:32:01",7basssl,7basssl,"2024-07-10T13:31:52","2024-07-10T14:32:03","../2025-07-03/ir_adl/s/7basssl"
"../2025-07-03/pm_adl/s/8bamssl","2024-07-10T14:32:50","2024-07-10T14:32:56",8bamssl,8bamssl,"2024-07-10T13:32:46","2024-07-10T14:32:57","../2025-07-03/ir_adl/s/8bamssl"
"../2025-07-03/pm_adl/s/9balssl","2024-07-10T14:33:31","2024-07-10T14:34:33",9balssl,9balssl,"2024-07-10T13:34:26","2024-07-10T14:34:36","../2025-07-03/ir_adl/s/9balssl"
"../2025-07-03/pm_adl/s/10basst","2024-07-10T14:36:42","2024-07-10T14:36:49",10basst,10basst,"2024-07-10T13:36:40","2024-07-10T14:36:50","../2025-07-03/ir_adl/s/10basst"
"../2025-07-03/pm_adl/s/11bamst","2024-07-10T14:37:28","2024-07-10T14:37:33",11bamst,11bamst,"2024-07-10T13:37:26","2024-07-10T14:37:34","../2025-07-03/ir_adl/s/11bamst"
"../2025-07-03/pm_adl/s/12baalst","2024-07-10T14:38:08","2024-07-10T14:38:11",12baalst,12baalst,"2024-07-10T13:38:06","2024-07-10T14:38:13","../2025-07-03/ir_adl/s/12baalst"
"../2025-07-03/pm_adl/s/13balflu","2024-07-10T14:39:03","2024-07-10T14:39:09",13balflu,13balflu,"2024-07-10T13:39:02","2024-07-10T14:39:11","../2025-07-03/ir_adl/s/13balflu"
"../2025-07-03/pm_adl/s/14barflu","2024-07-10T14:39:47","2024-07-10T14:39:54",14barflu,14barflu,"2024-07-10T13:39:44","2024-07-10T14:39:55","../2025-07-03/ir_adl/s/14barflu"
"../2025-07-03/pm_adl/sa/15baclh","2024-07-10T14:42:32","2024-07-10T14:42:38",15baclh,15baclh,"2024-07-10T13:42:28","2024-07-10T14:42:40","../2025-07-03/ir_adl/sa/15baclh"
"../2025-07-03/pm_adl/sa/16bacrh","2024-07-10T14:43:15","2024-07-10T14:43:21",16bacrh,16bacrh,"2024-07-10T13:43:14","2024-07-10T14:43:23","../2025-07-03/ir_adl/sa/16bacrh"
"../2025-07-03/pm_adl/sa/17ba2c","2024-07-10T14:44:03","2024-07-10T14:44:10",17ba2c,17ba2c,"2024-07-10T13:43:54","2024-07-10T14:44:13","../2025-07-03/ir_adl/sa/17ba2c"
"../2025-07-03/pm_adl/st/18bast","2024-07-10T14:44:50","2024-07-10T14:44:54",18bast,18bast,"2024-07-10T13:44:50","2024-07-10T14:44:56","../2025-07-03/ir_adl/st/18bast"
"../2025-07-03/pm_adl/st/19balst","2024-07-10T14:45:32","2024-07-10T14:45:35",19balst,19balst,"2024-07-10T13:45:30","2024-07-10T14:45:38","../2025-07-03/ir_adl/st/19balst"
"../2025-07-03/pm_adl/sv/20bavss","2024-07-10T14:46:13","2024-07-10T14:46:21",20bavss,20bavss,"2024-07-10T13:46:12","2024-07-10T14:46:24","../2025-07-03/ir_adl/sv/20bavss"
"../2025-07-03/pm_adl/sv/21bavlss","2024-07-10T14:47:04","2024-07-10T14:47:08",21bavlss,21bavlss,"2024-07-10T13:47:02","2024-07-10T14:47:09","../2025-07-03/ir_adl/sv/21bavlss"
"../2025-07-03/pm_adl/st/22bawdr","2024-07-10T14:47:49","2024-07-10T14:47:52",22bawdr,22bawdr,"2024-07-10T13:47:46","2024-07-10T14:47:54","../2025-07-03/ir_adl/st/22bawdr"
"../2025-07-03/pm_adl/st/23bawdkr","2024-07-10T14:48:47","2024-07-10T14:48:52",23bawdkr,23bawdkr,"2024-07-10T13:48:46","2024-07-10T14:48:54","../2025-07-03/ir_adl/st/23bawdkr"
"../2025-07-03/pm_adl/kc/24bakc","2024-07-10T14:49:40","2024-07-10T14:49:43",24bakc,24bakc,"2024-07-10T13:49:36","2024-07-10T14:49:45","../2025-07-03/ir_adl/kc/24bakc"
"../2025-07-03/pm_adl/s/25bawcss","2024-07-10T14:50:34","2024-07-10T14:50:48",25bawcss,25bawcss,"2024-07-10T13:50:30","2024-07-10T14:50:46","../2025-07-03/ir_adl/s/25bawcss"
"../2025-07-03/pm_adl/s/26bawcms","2024-07-10T14:51:26","2024-07-10T14:51:36",26bawcms,26bawcms,"2024-07-10T13:51:24","2024-07-10T14:51:34","../2025-07-03/ir_adl/s/26bawcms"
"../2025-07-03/pm_adl/s/27bawcls","2024-07-10T14:52:16","2024-07-10T14:52:27",27bawcls,27bawcls,"2024-07-10T13:52:14","2024-07-10T14:52:24","../2025-07-03/ir_adl/s/27bawcls"
"../2025-07-03/pm_adl/s/28bawfcss","2024-07-10T14:53:03","2024-07-10T14:53:13",28bawfcss,28bawfcss,"2024-07-10T13:53:02","2024-07-10T14:53:18","../2025-07-03/ir_adl/s/28bawfcss"
"../2025-07-03/pm_adl/s/29bawfcms","2024-07-10T14:53:57","2024-07-10T14:54:06",29bawfcms,29bawfcms,"2024-07-10T13:53:56","2024-07-10T14:54:08","../2025-07-03/ir_adl/s/29bawfcms"
"../2025-07-03/pm_adl/s/30bawfcls","2024-07-10T14:54:46","2024-07-10T14:54:52",30bawfcls,30bawfcls,"2024-07-10T13:54:44","2024-07-10T14:54:54","../2025-07-03/ir_adl/s/30bawfcls"
"../2025-07-03/pm_adl/sb/31babs","2024-07-10T14:55:38","2024-07-10T14:55:43",31babs,31babs,"2024-07-10T13:55:34","2024-07-10T14:55:45","../2025-07-03/ir_adl/sb/31babs"
"../2025-07-03/pm_adl/sb/32babm","2024-07-10T14:56:26","2024-07-10T14:56:31",32babm,32babm,"2024-07-10T13:56:24","2024-07-10T14:56:32","../2025-07-03/ir_adl/sb/32babm"
"../2025-07-03/pm_adl/sb/33babm","2024-07-10T14:57:21","2024-07-10T14:57:24",33babm,33babm,"2024-07-10T13:57:18","2024-07-10T14:57:25","../2025-07-03/ir_adl/sb/33babm"
"../2025-07-03/pm_adl/sd/34bassrhbd","2024-07-10T14:58:13","2024-07-10T14:58:24",34bassrhbd,34bassrhbd,"2024-07-10T13:58:04","2024-07-10T14:58:22","../2025-07-03/ir_adl/sd/34bassrhbd"
"../2025-07-03/pm_adl/sd/35bamsrhbd","2024-07-10T14:59:08","2024-07-10T14:59:19",35bamsrhbd,35bamsrhbd,"2024-07-10T13:59:04","2024-07-10T14:59:14","../2025-07-03/ir_adl/sd/35bamsrhbd"
"../2025-07-03/pm_adl/sd/36balsrhbd","2024-07-10T14:59:57","2024-07-10T15:00:04",36balsrhbd,36balsrhbd,"2024-07-10T13:59:54","2024-07-10T15:00:02","../2025-07-03/ir_adl/sd/36balsrhbd"
"../2025-07-03/pm_adl/sd/37babpsl","2024-07-10T15:00:41","2024-07-10T15:00:51",37babpsl,37babpsl,"2024-07-10T14:00:38","2024-07-10T15:00:49","../2025-07-03/ir_adl/sd/37babpsl"
"../2025-07-03/pm_adl/sd/38babpml","2024-07-10T15:01:27","2024-07-10T15:01:34",38babpml,38babpml,"2024-07-10T14:01:24","2024-07-10T15:01:32","../2025-07-03/ir_adl/sd/38babpml"
"../2025-07-03/pm_adl/sd/39balsrhbd","2024-07-10T15:02:13","2024-07-10T15:02:16",39balsrhbd,39balsrhbd,"2024-07-10T14:02:10","2024-07-10T15:02:17","../2025-07-03/ir_adl/sd/39balsrhbd"
,,,,40bapwks,"2024-07-10T14:03:18","2024-07-10T15:03:35","../2025-07-03/ir_adl/pr/40bapwks"
"../2025-07-03/pm_adl/pr/41bapwkm","2024-07-10T15:04:17","2024-07-10T15:04:28",41bapwkm,41bapwkm,"2024-07-10T14:04:14","2024-07-10T15:04:26","../2025-07-03/ir_adl/pr/41bapwkm"
,,,,42bapwkl,"2024-07-10T14:05:42","2024-07-10T14:05:58","../2025-07-03/ir_adl/pr/42bapwkl"
"../2025-07-03/pm_adl/pr/42bapwkl","2024-07-10T15:05:44","2024-07-10T15:06:00",42bapwkl,43basts,"2024-07-10T14:06:50","2024-07-10T15:07:06","../2025-07-03/ir_adl/sl/43basts"
"../2025-07-03/pm_adl/sl/43basts","2024-07-10T15:06:52","2024-07-10T15:07:04",43basts,45basss,"2024-07-10T14:09:34","2024-07-10T15:09:45","../2025-07-03/ir_adl/sd/45basss"
"../2025-07-03/pm_adl/sd/45basss","2024-07-10T15:09:38","2024-07-10T15:09:48",45basss,46bassb,"2024-07-10T14:12:50","2024-07-10T15:13:00","../2025-07-03/ir_adl/sd/46bassb"
"../2025-07-03/pm_adl/sd/44basswd","2024-07-10T15:12:04","2024-07-10T15:12:12",44basswd,47bassko,"2024-07-10T14:13:54","2024-07-10T15:14:01","../2025-07-03/ir_adl/sd/47bassko"
"../2025-07-03/pm_adl/sd/46bassb","2024-07-10T15:12:52","2024-07-10T15:13:02",46bassb,48balswd,"2024-07-10T14:15:20","2024-07-10T15:15:29","../2025-07-03/ir_adl/sd/48balswd"
"../2025-07-03/pm_adl/sd/47bassko","2024-07-10T15:13:54","2024-07-10T15:14:04",47bassko,49balsps,"2024-07-10T14:16:06","2024-07-10T15:16:16","../2025-07-03/ir_adl/sd/49balsps"
"../2025-07-03/pm_adl/sd/48balswd","2024-07-10T15:15:23","2024-07-10T15:15:32",48balswd,50balspb,"2024-07-10T14:16:52","2024-07-10T15:17:04","../2025-07-03/ir_adl/sd/50balspb"
"../2025-07-03/pm_adl/sd/49balsps","2024-07-10T15:16:10","2024-07-10T15:16:18",49balsps,51balsko,"2024-07-10T14:17:50","2024-07-10T15:17:59","../2025-07-03/ir_adl/sd/51balsko"
"../2025-07-03/pm_adl/sd/50balspb","2024-07-10T15:16:54","2024-07-10T15:17:06",50balspb,52bahbf,"2024-07-10T14:19:18","2024-07-10T15:19:27","../2025-07-03/ir_adl/sd/52bahbf"
"../2025-07-03/pm_adl/sd/51balsko","2024-07-10T15:17:50","2024-07-10T15:18:03",51balsko,53babpf,"2024-07-10T14:20:14","2024-07-10T15:20:24","../2025-07-03/ir_adl/sd/53babpf"
"../2025-07-03/pm_adl/sd/52bahbf","2024-07-10T15:19:21","2024-07-10T15:19:29",52bahbf,54barpf,"2024-07-10T14:21:52","2024-07-10T15:22:02","../2025-07-03/ir_adl/sd/54barpf"
"../2025-07-03/pm_adl/sd/53babpf","2024-07-10T15:20:17","2024-07-10T15:20:22",53babpf,55bapspf,"2024-07-10T14:23:18","2024-07-10T15:23:34","../2025-07-03/ir_adl/sd/55bapspf"
"../2025-07-03/pm_adl/sd/54barpf","2024-07-10T15:21:55","2024-07-10T15:22:04",54barpf,56bairsbf,"2024-07-10T14:24:20","2024-07-10T15:24:45","../2025-07-03/ir_adl/sd/56bairsbf"
"../2025-07-03/pm_adl/sd/55bapspf","2024-07-10T15:23:21","2024-07-10T15:23:27",55bapspf,57baipsbf,"2024-07-10T14:25:36","2024-07-10T15:26:07","../2025-07-03/ir_adl/sd/57baipsbf"
"../2025-07-03/pm_adl/sd/56bairsbf","2024-07-10T15:24:22","2024-07-10T15:24:43",56bairsbf,58bapscpf,"2024-07-10T14:26:48","2024-07-10T15:26:58","../2025-07-03/ir_adl/sd/58bapscpf"
"../2025-07-03/pm_adl/sd/57baipsbf","2024-07-10T15:25:38","2024-07-10T15:26:05",57baipsbf,42aapwkl,"2024-07-10T15:05:40","2024-10-14T10:10:28","../2025-07-03/ir_adl/pr/42aapwkl"
"../2025-07-03/pm_adl/sd/58bapscpf","2024-07-10T15:26:51","2024-07-10T15:27:00",58bapscpf,,,,
"../2025-07-03/pm_fall/ff/1apff","2024-07-18T10:56:21","2024-07-18T10:56:39",1apff,1apff,"2024-07-18T09:56:26","2024-07-18T10:56:36","../2025-07-03/ir_fall/ff/1apff"
"../2025-07-03/pm_fall/ff/2apff","2024-07-18T11:00:42","2024-07-18T11:00:51",2apff,2apff,"2024-07-18T10:00:42","2024-07-18T11:00:53","../2025-07-03/ir_fall/ff/2apff"
"../2025-07-03/pm_fall/ff/3apff","2024-07-18T11:01:34","2024-07-18T11:01:38",3apff,3apff,"2024-07-18T10:01:32","2024-07-18T11:01:41","../2025-07-03/ir_fall/ff/3apff"
"../2025-07-03/pm_fall/ff/4apff","2024-07-18T11:02:21","2024-07-18T11:02:28",4apff,4apff,"2024-07-18T10:02:20","2024-07-18T11:02:31","../2025-07-03/ir_fall/ff/4apff"
"../2025-07-03/pm_fall/ff/5apff","2024-07-18T11:03:14","2024-07-18T11:03:24",5apff,5apff,"2024-07-18T10:03:18","2024-07-18T11:03:22","../2025-07-03/ir_fall/ff/5apff"
"../2025-07-03/pm_fall/ff/6apff","2024-07-18T11:04:00","2024-07-18T11:04:06",6apff,6apff,"2024-07-18T10:04:00","2024-07-18T11:04:08","../2025-07-03/ir_fall/ff/6apff"
"../2025-07-03/pm_fall/fb/7apfb","2024-07-18T11:19:35","2024-07-18T11:19:51",7apfb,7apfb,"2024-07-18T10:19:44","2024-07-18T11:19:49","../2025-07-03/ir_fall/fb/7apfb"
"../2025-07-03/pm_fall/fb/8apfb","2024-07-18T11:20:35","2024-07-18T11:20:43",8apfb,8apfb,"2024-07-18T10:20:38","2024-07-18T11:20:41","../2025-07-03/ir_fall/fb/8apfb"
"../2025-07-03/pm_fall/fb/9apfb","2024-07-18T11:21:15","2024-07-18T11:21:19",9apfb,9apfb,"2024-07-18T10:21:14","2024-07-18T11:21:23","../2025-07-03/ir_fall/fb/9apfb"
"../2025-07-03/pm_fall/fb/10apff","2024-07-18T11:22:09","2024-07-18T11:22:15",10apff,10apff,"2024-07-18T10:22:08","2024-07-18T11:22:17","../2025-07-03/ir_fall/fb/10apff"
"../2025-07-03/pm_fall/fb/11apfb","2024-07-18T11:22:47","2024-07-18T11:22:56",11apfb,11apfb,"2024-07-18T10:22:50","2024-07-18T11:22:54","../2025-07-03/ir_fall/fb/11apfb"
"../2025-07-03/pm_fall/fb/12apfb","2024-07-18T11:23:42","2024-07-18T11:23:51",12apfb,12apfb,"2024-07-18T10:23:46","2024-07-18T11:23:49","../2025-07-03/ir_fall/fb/12apfb"
"../2025-07-03/pm_fall/fsl/13apfsl","2024-07-18T11:26:37","2024-07-18T11:26:46",13apfsl,13apfsl,"2024-07-18T10:26:42","2024-07-18T11:26:45","../2025-07-03/ir_fall/fsl/13apfsl"
"../2025-07-03/pm_fall/fsl/14apfsl","2024-07-18T11:27:21","2024-07-18T11:27:26",14apfsl,14apfsl,"2024-07-18T10:27:20","2024-07-18T11:27:28","../2025-07-03/ir_fall/fsl/14apfsl"
"../2025-07-03/pm_fall/fsl/15apfsl","2024-07-18T11:28:19","2024-07-18T11:28:24",15apfsl,15apfsl,"2024-07-18T10:28:18","2024-07-18T11:28:26","../2025-07-03/ir_fall/fsl/15apfsl"
"../2025-07-03/pm_fall/fsl/16apfsl","2024-07-18T11:29:06","2024-07-18T11:29:11",16apfsl,16apfsl,"2024-07-18T10:29:04","2024-07-18T11:29:13","../2025-07-03/ir_fall/fsl/16apfsl"
"../2025-07-03/pm_fall/fsl/17apfsl","2024-07-18T11:29:45","2024-07-18T11:29:50",17apfsl,17apfsl,"2024-07-18T10:29:44","2024-07-18T11:29:54","../2025-07-03/ir_fall/fsl/17apfsl"
"../2025-07-03/pm_fall/fsl/18apfsl","2024-07-18T11:30:31","2024-07-18T11:30:36",18apfsl,18apfsl,"2024-07-18T10:30:30","2024-07-18T11:30:38","../2025-07-03/ir_fall/fsl/18apfsl"
"../2025-07-03/pm_fall/fsr/19apfsr","2024-07-18T11:31:09","2024-07-18T11:31:14",19apfsr,19apfsr,"2024-07-18T10:31:08","2024-07-18T11:31:16","../2025-07-03/ir_fall/fsr/19apfsr"
"../2025-07-03/pm_fall/fsr/20apfsr","2024-07-18T11:31:44","2024-07-18T11:31:55",20apfsr,20apfsr,"2024-07-18T10:31:50","2024-07-18T11:31:53","../2025-07-03/ir_fall/fsr/20apfsr"
"../2025-07-03/pm_fall/fsr/21apfsr","2024-07-18T11:32:34","2024-07-18T11:32:40",21apfsr,21apfsr,"2024-07-18T10:32:34","2024-07-18T11:32:42","../2025-07-03/ir_fall/fsr/21apfsr"
"../2025-07-03/pm_fall/fsr/22apfsr","2024-07-18T11:33:18","2024-07-18T11:33:24",22apfsr,22apfsr,"2024-07-18T10:33:18","2024-07-18T11:33:26","../2025-07-03/ir_fall/fsr/22apfsr"
"../2025-07-03/pm_fall/fsr/23apfsr","2024-07-18T11:34:01","2024-07-18T11:34:08",23apfsr,23apfsr,"2024-07-18T10:34:00","2024-07-18T11:34:09","../2025-07-03/ir_fall/fsr/23apfsr"
"../2025-07-03/pm_fall/fsr/24apfsr","2024-07-18T11:34:58","2024-07-18T11:35:02",24apfsr,24apfsr,"2024-07-18T10:34:56","2024-07-18T11:35:05","../2025-07-03/ir_fall/fsr/24apfsr"
"../2025-07-03/pm_fall/fe/25apfe","2024-07-18T11:35:44","2024-07-18T11:35:50",25apfe,25apfe,"2024-07-18T10:35:44","2024-07-18T11:35:52","../2025-07-03/ir_fall/fe/25apfe"
"../2025-07-03/pm_fall/fe/26apfe","2024-07-18T11:36:34","2024-07-18T11:36:40",26apfe,26apfe,"2024-07-18T10:36:34","2024-07-18T11:36:42","../2025-07-03/ir_fall/fe/26apfe"
"../2025-07-03/pm_fall/sp/27apsp","2024-07-18T11:37:28","2024-07-18T11:37:32",27apsp,27apsp,"2024-07-18T10:37:28","2024-07-18T11:37:35","../2025-07-03/ir_fall/sp/27apsp"
"../2025-07-03/pm_fall/yo/29apyo","2024-07-18T11:38:45","2024-07-18T11:38:56",29apyo,28apsp,"2024-07-18T10:41:30","2024-07-18T11:41:38","../2025-07-03/ir_fall/sp/28apsp"
"../2025-07-03/pm_fall/sp/28apsp","2024-07-18T11:41:29","2024-07-18T11:41:34",28apsp,30apsp,"2024-07-18T10:42:26","2024-07-18T11:42:35","../2025-07-03/ir_fall/sp/30apsp"
"../2025-07-03/pm_fall/sp/30apsp","2024-07-18T11:42:28","2024-07-18T11:42:33",30apsp,32aptrr,"2024-07-18T10:44:34","2024-07-18T11:44:40","../2025-07-03/ir_fall/trr/32aptrr"
"../2025-07-03/pm_fall/sp/31apsp","2024-07-18T11:43:10","2024-07-18T11:43:15",31apsp,33aptrl,"2024-07-18T10:45:28","2024-07-18T11:45:35","../2025-07-03/ir_fall/trl/33aptrl"
"../2025-07-03/pm_fall/trr/32aptrr","2024-07-18T11:44:34","2024-07-18T11:44:38",32aptrr,34apfu,"2024-07-18T10:46:24","2024-07-18T11:46:30","../2025-07-03/ir_fall/fu/34apfu"
"../2025-07-03/pm_fall/trl/33aptrl","2024-07-18T11:45:27","2024-07-18T11:45:33",33aptrl,35apfu,"2024-07-18T10:47:04","2024-07-18T11:47:12","../2025-07-03/ir_fall/fu/35apfu"
"../2025-07-03/pm_fall/fu/34apfu","2024-07-18T11:46:24","2024-07-18T11:46:29",34apfu,36apkh,"2024-07-18T10:47:50","2024-07-18T11:47:57","../2025-07-03/ir_fall/kh/36apkh"
"../2025-07-03/pm_fall/fu/35apfu","2024-07-18T11:47:05","2024-07-18T11:47:09",35apfu,1aasss,"2024-07-18T10:51:26","2024-07-18T11:51:42","../2025-07-03/ir_adl/s/1aasss"
"../2025-07-03/pm_fall/kh/36apkh","2024-07-18T11:47:50","2024-07-18T11:47:55",36apkh,2abmss,"2024-07-18T10:52:18","2024-07-18T11:52:29","../2025-07-03/ir_adl/s/2abmss"
"../2025-07-03/pm_adl/s/1aasss","2024-07-18T11:51:27","2024-07-18T11:51:41",1aasss,3aalss,"2024-07-18T10:53:00","2024-07-18T11:53:10","../2025-07-03/ir_adl/s/3aalss"
"../2025-07-03/pm_adl/s/2abmss","2024-07-18T11:52:20","2024-07-18T11:52:28",2abmss,4aasssh,"2024-07-18T10:55:20","2024-07-18T11:55:36","../2025-07-03/ir_adl/s/4aasssh"
"../2025-07-03/pm_adl/s/4aasssh","2024-07-18T11:53:03","2024-07-18T11:53:09",4aasssh,5aamsssh,"2024-07-18T10:56:08","2024-07-18T11:56:19","../2025-07-03/ir_adl/s/5aamsssh"
"../2025-07-03/pm_adl/s/5aamsssh","2024-07-18T11:56:11","2024-07-18T11:56:18",5aamsssh,6aalssh,"2024-07-18T10:56:52","2024-07-18T11:57:02","../2025-07-03/ir_adl/s/6aalssh"
"../2025-07-03/pm_adl/s/6aalssh","2024-07-18T11:56:56","2024-07-18T11:57:01",6aalssh,7aasssl,"2024-07-18T10:58:00","2024-07-18T11:58:14","../2025-07-03/ir_adl/s/7aasssl"
"../2025-07-03/pm_adl/s/7aasssl","2024-07-18T11:58:03","2024-07-18T11:58:13",7aasssl,8aamssl,"2024-07-18T10:59:00","2024-07-18T11:59:11","../2025-07-03/ir_adl/s/8aamssl"
"../2025-07-03/pm_adl/s/8aamssl","2024-07-18T11:59:01","2024-07-18T11:59:10",8aamssl,9aalssl,"2024-07-18T10:59:48","2024-07-18T11:59:58","../2025-07-03/ir_adl/s/9aalssl"
"../2025-07-03/pm_adl/s/9aalssl","2024-07-18T11:59:50","2024-07-18T11:59:56",9aalssl,10aasst,"2024-07-18T11:00:32","2024-07-18T12:00:46","../2025-07-03/ir_adl/s/10aasst"
"../2025-07-03/pm_adl/s/10aasst","2024-07-18T12:00:35","2024-07-18T12:00:45",10aasst,11aamst,"2024-07-18T11:01:22","2024-07-18T12:01:31","../2025-07-03/ir_adl/s/11aamst"
"../2025-07-03/pm_adl/s/11aamst","2024-07-18T12:01:24","2024-07-18T12:01:31",11aamst,12aalst,"2024-07-18T11:02:04","2024-07-18T12:02:13","../2025-07-03/ir_adl/s/12aalst"
"../2025-07-03/pm_adl/s/12aalst","2024-07-18T12:02:06","2024-07-18T12:02:11",12aalst,13aalflu,"2024-07-18T11:03:10","2024-07-18T12:03:21","../2025-07-03/ir_adl/s/13aalflu"
"../2025-07-03/pm_adl/s/13aalflu","2024-07-18T12:03:13","2024-07-18T12:03:20",13aalflu,14aarflu,"2024-07-18T11:04:00","2024-07-18T12:04:10","../2025-07-03/ir_adl/s/14aarflu"
"../2025-07-03/pm_adl/s/14aarflu","2024-07-18T12:04:01","2024-07-18T12:04:09",14aarflu,15aaclh,"2024-07-18T11:05:08","2024-07-18T12:05:17","../2025-07-03/ir_adl/sa/15aaclh"
"../2025-07-03/pm_adl/sa/15aaclh","2024-07-18T12:05:09","2024-07-18T12:05:16",15aaclh,16acrh,"2024-07-18T11:05:56","2024-07-18T12:06:06","../2025-07-03/ir_adl/sa/16acrh"
"../2025-07-03/pm_adl/sa/16acrh","2024-07-18T12:05:58","2024-07-18T12:06:05",16acrh,17aa2c,"2024-07-18T11:07:46","2024-07-18T12:08:01","../2025-07-03/ir_adl/sa/17aa2c"
"../2025-07-03/pm_adl/st/18aast","2024-07-18T12:09:21","2024-07-18T12:09:24",18aast,18aast,"2024-07-18T11:09:18","2024-07-18T12:09:27","../2025-07-03/ir_adl/st/18aast"
"../2025-07-03/pm_adl/sv/20aavss","2024-07-18T12:10:02","2024-07-18T12:10:04",20aavss,19aalst,"2024-07-18T11:10:00","2024-07-18T12:10:07","../2025-07-03/ir_adl/st/19aalst"
,,,,20aavss,"2024-07-18T11:10:46","2024-07-18T12:10:52","../2025-07-03/ir_adl/sv/20aavss"
"../2025-07-03/pm_adl/sv/21aavlss","2024-07-18T12:11:28","2024-07-18T12:11:31",21aavlss,21aavlss,"2024-07-18T11:11:26","2024-07-18T12:11:34","../2025-07-03/ir_adl/sv/21aavlss"
,,,,22aawdr,"2024-07-18T11:12:10","2024-07-18T12:12:19","../2025-07-03/ir_adl/st/22aawdr"
"../2025-07-03/pm_adl/st/23aawdkr","2024-07-18T12:13:41","2024-07-18T12:13:48",23aawdkr,23aawdkr,"2024-07-18T11:13:38","2024-07-18T12:13:50","../2025-07-03/ir_adl/st/23aawdkr"
"../2025-07-03/pm_adl/kc/24aakc","2024-07-18T12:15:02","2024-07-18T12:15:05",24aakc,24aakc,"2024-07-18T11:14:56","2024-07-18T12:15:06","../2025-07-03/ir_adl/kc/24aakc"
"../2025-07-03/pm_adl/s/25aawcss","2024-07-18T12:15:45","2024-07-18T12:16:05",25aawcss,25aawcss,"2024-07-18T11:15:44","2024-07-18T12:16:03","../2025-07-03/ir_adl/s/25aawcss"
"../2025-07-03/pm_adl/s/26aawcms","2024-07-18T12:17:22","2024-07-18T12:17:41",26aawcms,26aawcms,"2024-07-18T11:17:20","2024-07-18T12:17:39","../2025-07-03/ir_adl/s/26aawcms"
"../2025-07-03/pm_adl/s/27aawcls","2024-07-18T12:18:23","2024-07-18T12:18:35",27aawcls,27aawcls,"2024-07-18T11:18:16","2024-07-18T12:18:33","../2025-07-03/ir_adl/s/27aawcls"
"../2025-07-03/pm_adl/s/28aawfcss","2024-07-18T12:19:33","2024-07-18T12:19:47",28aawfcss,28aawfcss,"2024-07-18T11:19:32","2024-07-18T12:19:49","../2025-07-03/ir_adl/s/28aawfcss"
"../2025-07-03/pm_adl/s/29aawfcms","2024-07-18T12:27:23","2024-07-18T12:27:32",29aawfcms,29aawfcms,"2024-07-18T11:23:58","2024-07-18T12:27:33","../2025-07-03/ir_adl/s/29aawfcms"
"../2025-07-03/pm_adl/s/30aawfcls","2024-07-18T12:28:25","2024-07-18T12:28:30",30aawfcls,30aawfcls,"2024-07-18T11:28:24","2024-07-18T12:28:32","../2025-07-03/ir_adl/s/30aawfcls"
"../2025-07-03/pm_fall/ff/1cpff","2024-07-29T10:07:08","2024-07-29T10:07:20",1cpff,1cpff,"2024-07-29T09:07:12","2024-07-29T10:07:18","../2025-07-03/ir_fall/ff/1cpff"
,,,,2cpff,"2024-07-29T09:08:10","2024-07-29T10:08:20","../2025-07-03/ir_fall/ff/2cpff"
"../2025-07-03/pm_fall/ff/6cpff","2024-07-29T10:09:03","2024-07-29T10:09:09",6cpff,6cpff,"2024-07-29T09:09:38","2024-07-29T10:09:42","../2025-07-03/ir_fall/ff/6cpff"
,,,,3cpff,"2024-07-29T09:11:18","2024-07-29T10:11:31","../2025-07-03/ir_fall/ff/3cpff"
"../2025-07-03/pm_fall/ff/5cpff","2024-07-29T10:13:05","2024-07-29T10:13:12",5cpff,5cpff,"2024-07-29T09:12:56","2024-07-29T10:13:15","../2025-07-03/ir_fall/ff/5cpff"
"../2025-07-03/pm_fall/ff/4cpff","2024-07-29T10:15:53","2024-07-29T10:15:58",4cpff,4cpff,"2024-07-29T09:15:54","2024-07-29T10:16:00","../2025-07-03/ir_fall/ff/4cpff"
"../2025-07-03/pm_fall/fb/7cpfb","2024-07-29T10:16:36","2024-07-29T10:16:47",7cpfb,7cpfb,"2024-07-29T09:16:40","2024-07-29T10:16:42","../2025-07-03/ir_fall/fb/7cpfb"
,,,,8cpfb,"2024-07-29T09:17:22","2024-07-29T10:17:32","../2025-07-03/ir_fall/fb/8cpfb"
"../2025-07-03/pm_fall/fb/9cpfb","2024-07-29T10:18:28","2024-07-29T10:18:35",9cpfb,9cpfb,"2024-07-29T09:18:26","2024-07-29T10:18:38","../2025-07-03/ir_fall/fb/9cpfb"
"../2025-07-03/pm_fall/fb/10cpfb","2024-07-29T10:19:07","2024-07-29T10:19:24",10cpfb,10cpfb,"2024-07-29T09:19:16","2024-07-29T10:19:23","../2025-07-03/ir_fall/fb/10cpfb"
"../2025-07-03/pm_fall/fb/11cpfb","2024-07-29T10:20:14","2024-07-29T10:20:20",11cpfb,11cpfb,"2024-07-29T09:20:12","2024-07-29T10:20:22","../2025-07-03/ir_fall/fb/11cpfb"
"../2025-07-03/pm_fall/fb/12cpfb","2024-07-29T10:21:22","2024-07-29T10:21:26",12cpfb,12cpfb,"2024-07-29T09:21:04","2024-07-29T10:21:30","../2025-07-03/ir_fall/fb/12cpfb"
"../2025-07-03/pm_fall/fsl/13cpfsl","2024-07-29T10:22:03","2024-07-29T10:22:09",13cpfsl,13cpfsl,"2024-07-29T09:22:04","2024-07-29T10:22:12","../2025-07-03/ir_fall/fsl/13cpfsl"
"../2025-07-03/pm_fall/fsl/14cpfsl","2024-07-29T10:23:00","2024-07-29T10:23:05",14cpfsl,14cpfsl,"2024-07-29T09:23:00","2024-07-29T10:23:07","../2025-07-03/ir_fall/fsl/14cpfsl"
"../2025-07-03/pm_fall/fsl/15cpfsl","2024-07-29T10:23:56","2024-07-29T10:24:02",15cpfsl,15cpfsl,"2024-07-29T09:23:56","2024-07-29T10:24:04","../2025-07-03/ir_fall/fsl/15cpfsl"
"../2025-07-03/pm_fall/fsl/16cpfsl","2024-07-29T10:24:40","2024-07-29T10:24:53",16cpfsl,16cpfsl,"2024-07-29T09:24:46","2024-07-29T10:24:51","../2025-07-03/ir_fall/fsl/16cpfsl"
"../2025-07-03/pm_fall/fsl/17cpfsl","2024-07-29T10:25:41","2024-07-29T10:25:47",17cpfsl,17cpfsl,"2024-07-29T09:25:40","2024-07-29T10:25:49","../2025-07-03/ir_fall/fsl/17cpfsl"
"../2025-07-03/pm_fall/fsl/18cpfsl","2024-07-29T10:26:33","2024-07-29T10:26:39",18cpfsl,18cpfsl,"2024-07-29T09:26:34","2024-07-29T10:26:41","../2025-07-03/ir_fall/fsl/18cpfsl"
"../2025-07-03/pm_fall/fsr/19cpfsr","2024-07-29T10:27:22","2024-07-29T10:27:27",19cpfsr,19cpfsr,"2024-07-29T09:27:22","2024-07-29T10:27:30","../2025-07-03/ir_fall/fsr/19cpfsr"
"../2025-07-03/pm_fall/fsr/20cpfsr","2024-07-29T10:28:06","2024-07-29T10:28:17",20cpfsr,20cpfsr,"2024-07-29T09:28:10","2024-07-29T10:28:15","../2025-07-03/ir_fall/fsr/20cpfsr"
"../2025-07-03/pm_fall/fsr/21cpfsr","2024-07-29T10:28:56","2024-07-29T10:29:01",21cpfsr,21cpfsr,"2024-07-29T09:28:56","2024-07-29T10:29:04","../2025-07-03/ir_fall/fsr/21cpfsr"
"../2025-07-03/pm_fall/fsr/22cpfsr","2024-07-29T10:31:17","2024-07-29T10:31:24",22cpfsr,22cpfsr,"2024-07-29T09:31:10","2024-07-29T10:31:26","../2025-07-03/ir_fall/fsr/22cpfsr"
,,,,23cpfsr,"2024-07-29T09:32:30","2024-07-29T10:32:38","../2025-07-03/ir_fall/fsr/23cpfsr"
"../2025-07-03/pm_fall/fsr/24cpfsr","2024-07-29T10:33:23","2024-07-29T10:33:28",24cpfsr,24cpfsr,"2024-07-29T09:33:22","2024-07-29T10:33:30","../2025-07-03/ir_fall/fsr/24cpfsr"
"../2025-07-03/pm_fall/fe/25cpfe","2024-07-29T10:34:09","2024-07-29T10:34:19",25cpfe,25cpfe,"2024-07-29T09:34:12","2024-07-29T10:34:16","../2025-07-03/ir_fall/fe/25cpfe"
"../2025-07-03/pm_fall/fe/26cpfe","2024-07-29T10:36:56","2024-07-29T10:37:03",26cpfe,26cpfe,"2024-07-29T09:36:36","2024-07-29T10:37:06","../2025-07-03/ir_fall/fe/26cpfe"
"../2025-07-03/pm_fall/sp/27cpsp","2024-07-29T10:37:42","2024-07-29T10:37:49",27cpsp,27cpsp,"2024-07-29T09:37:42","2024-07-29T10:37:51","../2025-07-03/ir_fall/sp/27cpsp"
"../2025-07-03/pm_fall/sp/28cpsp","2024-07-29T10:38:23","2024-07-29T10:38:34",28cpsp,28cpsp,"2024-07-29T09:38:28","2024-07-29T10:38:33","../2025-07-03/ir_fall/sp/28cpsp"
"../2025-07-03/pm_fall/yo/29cpyo","2024-07-29T10:40:38","2024-07-29T10:40:49",29cpyo,29cpyo,"2024-07-29T09:40:42","2024-07-29T10:40:47","../2025-07-03/ir_fall/yo/29cpyo"
"../2025-07-03/pm_fall/sp/30cpsp","2024-07-29T10:41:22","2024-07-29T10:41:27",30cpsp,30cpsp,"2024-07-29T09:41:22","2024-07-29T10:41:30","../2025-07-03/ir_fall/sp/30cpsp"
"../2025-07-03/pm_fall/sp/31cpsp","2024-07-29T10:42:03","2024-07-29T10:42:13",31cpsp,31cpsp,"2024-07-29T09:42:08","2024-07-29T10:42:11","../2025-07-03/ir_fall/sp/31cpsp"
"../2025-07-03/pm_fall/trr/32cptrr","2024-07-29T10:47:15","2024-07-29T10:47:25",32cptrr,32cptrr,"2024-07-29T09:47:20","2024-07-29T10:47:24","../2025-07-03/ir_fall/trr/32cptrr"
"../2025-07-03/pm_fall/trl/33cptrl","2024-07-29T10:48:06","2024-07-29T10:48:16",33cptrl,33cptrl,"2024-07-29T09:48:10","2024-07-29T10:48:14","../2025-07-03/ir_fall/trl/33cptrl"
"../2025-07-03/pm_fall/fu/34cpfu","2024-07-29T10:49:04","2024-07-29T10:49:10",34cpfu,34cpfu,"2024-07-29T09:49:04","2024-07-29T10:49:13","../2025-07-03/ir_fall/fu/34cpfu"
"../2025-07-03/pm_fall/fu/35cpfu","2024-07-29T10:49:49","2024-07-29T10:49:54",35cpfu,35cpfu,"2024-07-29T09:49:48","2024-07-29T10:49:57","../2025-07-03/ir_fall/fu/35cpfu"
,,,,36cpkh,"2024-07-29T09:50:42","2024-07-29T10:50:46","../2025-07-03/ir_fall/kh/36cpkh"
"../2025-07-03/pm_fall/kh/36cpkh","2024-07-29T10:50:48","2024-07-29T10:50:55",36cpkh,1casss,"2024-07-29T10:05:38","2024-07-29T11:05:56","../2025-07-03/ir_adl/s/1casss"
"../2025-07-03/pm_adl/s/1casss","2024-07-29T11:05:32","2024-07-29T11:05:54",1casss,2camss,"2024-07-29T10:06:58","2024-07-29T11:07:13","../2025-07-03/ir_adl/s/2camss"
"../2025-07-03/pm_adl/s/2camss","2024-07-29T11:07:00","2024-07-29T11:07:10",2camss,3calss,"2024-07-29T10:07:46","2024-07-29T11:07:54","../2025-07-03/ir_adl/s/3calss"
"../2025-07-03/pm_adl/s/3calss","2024-07-29T11:07:48","2024-07-29T11:07:52",3calss,4casssh,"2024-07-29T10:09:46","2024-07-29T11:10:01","../2025-07-03/ir_adl/s/4casssh"
"../2025-07-03/pm_adl/s/4casssh","2024-07-29T11:09:46","2024-07-29T11:09:58",4casssh,5camssh,"2024-07-29T10:10:36","2024-07-29T11:10:44","../2025-07-03/ir_adl/s/5camssh"
"../2025-07-03/pm_adl/s/5camssh","2024-07-29T11:10:36","2024-07-29T11:10:43",5camssh,6calssh,"2024-07-29T10:11:22","2024-07-29T11:11:26","../2025-07-03/ir_adl/s/6calssh"
"../2025-07-03/pm_adl/s/6calssh","2024-07-29T11:11:22","2024-07-29T11:11:25",6calssh,7casssl,"2024-07-29T10:13:18","2024-07-29T11:13:29","../2025-07-03/ir_adl/s/7casssl"
"../2025-07-03/pm_adl/s/7casssl","2024-07-29T11:13:18","2024-07-29T11:13:28",7casssl,8camssl,"2024-07-29T10:14:20","2024-07-29T11:14:30","../2025-07-03/ir_adl/s/8camssl"
"../2025-07-03/pm_adl/s/8camssl","2024-07-29T11:14:22","2024-07-29T11:14:29",8camssl,9calssl,"2024-07-29T10:17:34","2024-07-29T11:17:38","../2025-07-03/ir_adl/s/9calssl"
"../2025-07-03/pm_adl/s/9calssl","2024-07-29T11:17:34","2024-07-29T11:17:36",9calssl,10casst,"2024-07-29T10:21:36","2024-07-29T11:21:50","../2025-07-03/ir_adl/s/10casst"
"../2025-07-03/pm_adl/s/10casst","2024-07-29T11:21:39","2024-07-29T11:21:48",10casst,11camst,"2024-07-29T10:22:22","2024-07-29T11:22:31","../2025-07-03/ir_adl/s/11camst"
"../2025-07-03/pm_adl/s/11camst","2024-07-29T11:22:23","2024-07-29T11:22:30",11camst,12caalst,"2024-07-29T10:23:04","2024-07-29T11:23:13","../2025-07-03/ir_adl/s/12caalst"
"../2025-07-03/pm_adl/s/12caalst","2024-07-29T11:23:05","2024-07-29T11:23:08",12caalst,13calflu,"2024-07-29T10:24:10","2024-07-29T11:24:25","../2025-07-03/ir_adl/s/13calflu"
"../2025-07-03/pm_adl/s/13calflu","2024-07-29T11:24:11","2024-07-29T11:24:22",13calflu,14carflu,"2024-07-29T10:25:26","2024-07-29T11:25:57","../2025-07-03/ir_adl/s/14carflu"
"../2025-07-03/pm_adl/s/14carflu","2024-07-29T11:25:10","2024-07-29T11:25:21",14carflu,15caclh,"2024-07-29T10:26:32","2024-07-29T11:26:42","../2025-07-03/ir_adl/sa/15caclh"
"../2025-07-03/pm_adl/sa/15caclh","2024-07-29T11:26:17","2024-07-29T11:26:40",15caclh,16cacrh,"2024-07-29T10:27:20","2024-07-29T11:27:27","../2025-07-03/ir_adl/sa/16cacrh"
"../2025-07-03/pm_adl/sa/16cacrh","2024-07-29T11:27:19","2024-07-29T11:27:26",16cacrh,17ca2c,"2024-07-29T10:28:06","2024-07-29T11:28:16","../2025-07-03/ir_adl/sa/17ca2c"
"../2025-07-03/pm_adl/sa/17ca2c","2024-07-29T11:28:06","2024-07-29T11:28:15",17ca2c,18cast,"2024-07-29T10:28:52","2024-07-29T11:28:59","../2025-07-03/ir_adl/st/18cast"
"../2025-07-03/pm_adl/st/18cast","2024-07-29T11:28:52","2024-07-29T11:28:58",18cast,19calst,"2024-07-29T10:29:48","2024-07-29T11:30:21","../2025-07-03/ir_adl/st/19calst"
"../2025-07-03/pm_adl/st/19calst","2024-07-29T11:29:40","2024-07-29T11:29:46",19calst,20cavss,"2024-07-29T10:30:28","2024-07-29T11:30:39","../2025-07-03/ir_adl/sv/20cavss"
"../2025-07-03/pm_adl/sv/20cavss","2024-07-29T11:30:22","2024-07-29T11:30:37",20cavss,21cavlss,"2024-07-29T10:31:24","2024-07-29T11:31:37","../2025-07-03/ir_adl/sv/21cavlss"
"../2025-07-03/pm_adl/sv/21cavlss","2024-07-29T11:31:23","2024-07-29T11:31:36",21cavlss,22cawdr,"2024-07-29T10:32:38","2024-07-29T11:32:46","../2025-07-03/ir_adl/st/22cawdr"
"../2025-07-03/pm_adl/st/22cawdr","2024-07-29T11:32:38","2024-07-29T11:32:45",22cawdr,23cawdkr,"2024-07-29T10:33:36","2024-07-29T11:33:47","../2025-07-03/ir_adl/st/23cawdkr"
"../2025-07-03/pm_adl/st/23cawdkr","2024-07-29T11:33:39","2024-07-29T11:33:44",23cawdkr,24cakc,"2024-07-29T10:34:24","2024-07-29T11:34:32","../2025-07-03/ir_adl/kc/24cakc"
"../2025-07-03/pm_adl/kc/24cakc","2024-07-29T11:34:26","2024-07-29T11:34:30",24cakc,25cawcss,"2024-07-29T10:35:14","2024-07-29T11:35:32","../2025-07-03/ir_adl/s/25cawcss"
"../2025-07-03/pm_adl/s/25cawcss","2024-07-29T11:35:12","2024-07-29T11:35:33",25cawcss,26cawcms,"2024-07-29T10:36:30","2024-07-29T11:36:38","../2025-07-03/ir_adl/s/26cawcms"
"../2025-07-03/pm_adl/s/26cawcms","2024-07-29T11:36:23","2024-07-29T11:36:40",26cawcms,27cawcls,"2024-07-29T10:37:26","2024-07-29T11:37:33","../2025-07-03/ir_adl/s/27cawcls"
"../2025-07-03/pm_adl/s/27cawcls","2024-07-29T11:37:25","2024-07-29T11:37:35",27cawcls,28cawfcss,"2024-07-29T10:38:14","2024-07-29T11:38:29","../2025-07-03/ir_adl/s/28cawfcss"
"../2025-07-03/pm_adl/s/28cawfcss","2024-07-29T11:38:09","2024-07-29T11:38:28",28cawfcss,29cawfcms,"2024-07-29T10:39:10","2024-07-29T11:39:20","../2025-07-03/ir_adl/s/29cawfcms"
"../2025-07-03/pm_adl/s/29cawfcms","2024-07-29T11:39:06","2024-07-29T11:39:17",29cawfcms,30cawfcls,"2024-07-29T10:40:06","2024-07-29T11:40:18","../2025-07-03/ir_adl/s/30cawfcls"
"../2025-07-03/pm_adl/s/30cawfcls","2024-07-29T11:40:11","2024-07-29T11:40:15",30cawfcls,31cabs,"2024-07-29T10:44:24","2024-07-29T11:44:35","../2025-07-03/ir_adl/sb/31cabs"
"../2025-07-03/pm_adl/sb/31cabs","2024-07-29T11:44:24","2024-07-29T11:44:34",31cabs,32cabm,"2024-07-29T10:45:14","2024-07-29T11:45:23","../2025-07-03/ir_adl/sb/32cabm"
"../2025-07-03/pm_adl/sb/32cabm","2024-07-29T11:45:14","2024-07-29T11:45:21",32cabm,33cabl,"2024-07-29T10:46:00","2024-07-29T11:46:09","../2025-07-03/ir_adl/sb/33cabl"
"../2025-07-03/pm_adl/sb/33cabl","2024-07-29T11:46:03","2024-07-29T11:46:12",33cabl,34cassrhbd,"2024-07-29T10:46:48","2024-07-29T11:47:02","../2025-07-03/ir_adl/sd/34cassrhbd"
"../2025-07-03/pm_adl/sd/34cassrhbd","2024-07-29T11:46:49","2024-07-29T11:47:04",34cassrhbd,35camsrhbd,"2024-07-29T10:47:44","2024-07-29T11:47:53","../2025-07-03/ir_adl/sd/35camsrhbd"
"../2025-07-03/pm_adl/sd/35camsrhbd","2024-07-29T11:47:43","2024-07-29T11:47:56",35camsrhbd,37cabpsl,"2024-07-29T10:50:28","2024-07-29T11:50:41","../2025-07-03/ir_adl/sd/37cabpsl"
"../2025-07-03/pm_adl/sd/36calsrhbd","2024-07-29T11:49:32","2024-07-29T11:49:46",36calsrhbd,38cabpml,"2024-07-29T10:51:22","2024-07-29T11:51:32","../2025-07-03/ir_adl/sd/38cabpml"
"../2025-07-03/pm_adl/sd/37cabpsl","2024-07-29T11:50:28","2024-07-29T11:50:43",37cabpsl,39cabpll,"2024-07-29T10:52:12","2024-07-29T11:52:18","../2025-07-03/ir_adl/sd/39cabpll"
"../2025-07-03/pm_adl/sd/38cabpml","2024-07-29T11:51:23","2024-07-29T11:51:33",38cabpml,41capwkm,"2024-07-29T10:54:40","2024-07-29T11:55:00","../2025-07-03/ir_adl/pr/41capwkm"
"../2025-07-03/pm_adl/sd/39cabpll","2024-07-29T11:52:12","2024-07-29T11:52:19",39cabpll,42capwkl,"2024-07-29T10:56:56","2024-07-29T11:57:05","../2025-07-03/ir_adl/pr/42capwkl"
"../2025-07-03/pm_adl/pr/40aapwks","2024-07-29T11:53:31","2024-07-29T11:53:54",40aapwks,43casts,"2024-07-29T10:57:46","2024-07-29T11:58:05","../2025-07-03/ir_adl/sl/43casts"
"../2025-07-03/pm_adl/pr/41capwkm","2024-07-29T11:54:42","2024-07-29T11:55:02",41capwkm,44casswd,"2024-07-29T10:59:22","2024-07-29T11:59:31","../2025-07-03/ir_adl/sd/44casswd"
"../2025-07-03/pm_adl/pr/42capwkl","2024-07-29T11:56:57","2024-07-29T11:57:08",42capwkl,45casss,"2024-07-29T11:00:10","2024-07-29T12:00:21","../2025-07-03/ir_adl/sd/45casss"
"../2025-07-03/pm_adl/sl/43casts","2024-07-29T11:57:48","2024-07-29T11:58:03",43casts,46cassb,"2024-07-29T11:00:56","2024-07-29T12:01:18","../2025-07-03/ir_adl/sd/46cassb"
"../2025-07-03/pm_adl/sd/44casswd","2024-07-29T11:59:22","2024-07-29T11:59:30",44casswd,47cassko,"2024-07-29T11:02:12","2024-07-29T12:02:16","../2025-07-03/ir_adl/sd/47cassko"
"../2025-07-03/pm_adl/sd/46cassb","2024-07-29T12:00:10","2024-07-29T12:00:19",46cassb,48calswd,"2024-07-29T11:03:44","2024-07-29T12:03:57","../2025-07-03/ir_adl/sd/48calswd"
"../2025-07-03/pm_adl/sd/47cassko","2024-07-29T12:02:08","2024-07-29T12:02:19",47cassko,49calsps,"2024-07-29T11:04:48","2024-07-29T12:04:58","../2025-07-03/ir_adl/sd/49calsps"
"../2025-07-03/pm_adl/sd/48calswd","2024-07-29T12:03:46","2024-07-29T12:03:55",48calswd,50calspb,"2024-07-29T11:05:40","2024-07-29T12:05:55","../2025-07-03/ir_adl/sd/50calspb"
"../2025-07-03/pm_adl/sd/49calsps","2024-07-29T12:04:48","2024-07-29T12:04:56",49calsps,51calsko,"2024-07-29T11:06:54","2024-07-29T12:07:03","../2025-07-03/ir_adl/sd/51calsko"
"../2025-07-03/pm_adl/sd/50calspb","2024-07-29T12:05:41","2024-07-29T12:05:54",50calspb,52cahbf,"2024-07-29T11:08:08","2024-07-29T12:08:21","../2025-07-03/ir_adl/sd/52cahbf"
"../2025-07-03/pm_adl/sd/51calsko","2024-07-29T12:06:50","2024-07-29T12:07:06",51calsko,53cabpf,"2024-07-29T11:09:04","2024-07-29T12:09:09","../2025-07-03/ir_adl/sd/53cabpf"
"../2025-07-03/pm_adl/sd/52cahbf","2024-07-29T12:08:08","2024-07-29T12:08:19",52cahbf,54carpf,"2024-07-29T11:09:48","2024-07-29T12:09:57","../2025-07-03/ir_adl/sd/54carpf"
"../2025-07-03/pm_adl/sd/53cabpf","2024-07-29T12:09:03","2024-07-29T12:09:08",53cabpf,55capspf,"2024-07-29T11:11:22","2024-07-29T12:11:27","../2025-07-03/ir_adl/sd/55capspf"
"../2025-07-03/pm_adl/sd/54carpf","2024-07-29T12:09:48","2024-07-29T12:09:59",54carpf,56cairsbf,"2024-07-29T11:12:28","2024-07-29T12:12:56","../2025-07-03/ir_adl/sd/56cairsbf"
"../2025-07-03/pm_adl/sd/55capspf","2024-07-29T12:11:21","2024-07-29T12:11:29",55capspf,57caipsbf,"2024-07-29T11:14:12","2024-07-29T12:14:34","../2025-07-03/ir_adl/sd/57caipsbf"
"../2025-07-03/pm_adl/sd/56cairsbf","2024-07-29T12:12:27","2024-07-29T12:12:55",56cairsbf,58capscpf,"2024-07-29T11:15:18","2024-07-29T12:15:26","../2025-07-03/ir_adl/sd/58capscpf"
"../2025-07-03/pm_adl/sd/57caipsbf","2024-07-29T12:14:12","2024-07-29T12:14:32",57caipsbf,70causd,"2024-07-29T11:26:08","2024-07-29T12:26:24","../2025-07-03/ir_adl/aw/70causd"
"../2025-07-03/pm_adl/sd/58capscpf","2024-07-29T12:15:18","2024-07-29T12:15:28",58capscpf,71caasds,"2024-07-29T11:27:16","2024-07-29T12:27:30","../2025-07-03/ir_adl/aw/71caasds"
"../2025-07-03/pm_adl/aw/70causd","2024-07-29T12:26:08","2024-07-29T12:26:22",70causd,72caasdc,"2024-07-29T11:28:18","2024-07-29T12:28:29","../2025-07-03/ir_adl/aw/72caasdc"
"../2025-07-03/pm_adl/aw/71caasds","2024-07-29T12:27:13","2024-07-29T12:27:28",71caasds,73caasdw,"2024-07-29T11:29:18","2024-07-29T12:29:43","../2025-07-03/ir_adl/aw/73caasdw"
"../2025-07-03/pm_adl/aw/72caasdc","2024-07-29T12:28:15","2024-07-29T12:28:27",72caasdc,,,,
"../2025-07-03/pm_adl/aw/73caasdw","2024-07-29T12:29:19","2024-07-29T12:29:39",73caasdw,,,,
"../2025-07-03/pm_fall/ff/1fpff","2024-08-02T11:42:14","2024-08-02T11:42:21",1fpff,2fpff,"2024-08-02T10:43:22","2024-08-02T11:43:34","../2025-07-03/ir_fall/ff/2fpff"
"../2025-07-03/pm_fall/ff/2fpff","2024-08-02T11:43:24","2024-08-02T11:43:31",2fpff,3fpff,"2024-08-02T10:44:30","2024-08-02T11:44:38","../2025-07-03/ir_fall/ff/3fpff"
"../2025-07-03/pm_fall/ff/3fpff","2024-08-02T11:44:30","2024-08-02T11:44:35",3fpff,4fpff,"2024-08-02T10:45:36","2024-08-02T11:45:45","../2025-07-03/ir_fall/ff/4fpff"
"../2025-07-03/pm_fall/ff/4fpff","2024-08-02T11:45:37","2024-08-02T11:45:43",4fpff,5fpff,"2024-08-02T10:46:34","2024-08-02T11:46:41","../2025-07-03/ir_fall/ff/5fpff"
"../2025-07-03/pm_fall/ff/5fpff","2024-08-02T11:46:34","2024-08-02T11:46:39",5fpff,6fpff,"2024-08-02T10:47:12","2024-08-02T11:47:31","../2025-07-03/ir_fall/ff/6fpff"
"../2025-07-03/pm_fall/ff/6fpff","2024-08-02T11:47:21","2024-08-02T11:47:28",6fpff,7fpfb,"2024-08-02T10:48:28","2024-08-02T11:49:05","../2025-07-03/ir_fall/fb/7fpfb"
"../2025-07-03/pm_fall/fb/7fpfb","2024-08-02T11:48:19","2024-08-02T11:48:24",7fpfb,8fpfb,"2024-08-02T10:51:58","2024-08-02T11:52:02","../2025-07-03/ir_fall/fb/8fpfb"
"../2025-07-03/pm_fall/fb/8fpfb","2024-08-02T11:51:52","2024-08-02T11:52:03",8fpfb,9fpfb,"2024-08-02T10:52:36","2024-08-02T11:52:44","../2025-07-03/ir_fall/fb/9fpfb"
"../2025-07-03/pm_fall/fb/9fpfb","2024-08-02T11:52:36","2024-08-02T11:52:42",9fpfb,11fpfb,"2024-08-02T10:56:00","2024-08-02T11:58:17","../2025-07-03/ir_fall/fb/11fpfb"
"../2025-07-03/pm_fall/fb/10fpfb","2024-08-02T11:57:23","2024-08-02T11:57:32",10fpfb,10fpfb,"2024-08-02T10:57:28","2024-08-02T11:57:31","../2025-07-03/ir_fall/fb/10fpfb"
"../2025-07-03/pm_fall/fb/11fpfb","2024-08-02T11:58:09","2024-08-02T11:58:14",11fpfb,12fpfb,"2024-08-02T10:58:56","2024-08-02T11:58:59","../2025-07-03/ir_fall/fb/12fpfb"
"../2025-07-03/pm_fall/fb/12fpfb","2024-08-02T11:58:50","2024-08-02T11:59:01",12fpfb,13fpfsl,"2024-08-02T10:59:46","2024-08-02T11:59:56","../2025-07-03/ir_fall/fsl/13fpfsl"
"../2025-07-03/pm_fall/fsl/13fpfsl","2024-08-02T11:59:47","2024-08-02T11:59:53",13fpfsl,14fpfsl,"2024-08-02T11:00:42","2024-08-02T12:00:51","../2025-07-03/ir_fall/fsl/14fpfsl"
"../2025-07-03/pm_fall/fsl/14fpfsl","2024-08-02T12:00:43","2024-08-02T12:00:49",14fpfsl,15fpfsl,"2024-08-02T11:01:30","2024-08-02T12:01:38","../2025-07-03/ir_fall/fsl/15fpfsl"
"../2025-07-03/pm_fall/fsl/15fpfsl","2024-08-02T12:01:29","2024-08-02T12:01:35",15fpfsl,16fpfsl,"2024-08-02T11:02:24","2024-08-02T12:02:32","../2025-07-03/ir_fall/fsl/16fpfsl"
"../2025-07-03/pm_fall/fsl/16fpfsl","2024-08-02T12:02:25","2024-08-02T12:02:31",16fpfsl,17fpfsl,"2024-08-02T11:03:26","2024-08-02T12:03:33","../2025-07-03/ir_fall/fsl/17fpfsl"
"../2025-07-03/pm_fall/fsl/17fpfsl","2024-08-02T12:03:26","2024-08-02T12:03:46",17fpfsl,18fpfsl,"2024-08-02T11:04:48","2024-08-02T12:05:05","../2025-07-03/ir_fall/fsl/18fpfsl"
"../2025-07-03/pm_fall/fsl/18fpfsl","2024-08-02T12:04:54","2024-08-02T12:05:02",18fpfsl,19fpfsr,"2024-08-02T11:05:46","2024-08-02T12:05:57","../2025-07-03/ir_fall/fsr/19fpfsr"
"../2025-07-03/pm_fall/fsr/19fpfsr","2024-08-02T12:05:47","2024-08-02T12:05:54",19fpfsr,20fpfsr,"2024-08-02T11:06:28","2024-08-02T12:06:35","../2025-07-03/ir_fall/fsr/20fpfsr"
"../2025-07-03/pm_fall/fsr/20fpfsr","2024-08-02T12:06:28","2024-08-02T12:06:33",20fpfsr,21fpfsr,"2024-08-02T11:12:42","2024-08-02T12:12:47","../2025-07-03/ir_fall/fsr/21fpfsr"
"../2025-07-03/pm_fall/fsr/21fpfsr","2024-08-02T12:12:38","2024-08-02T12:12:50",21fpfsr,23fpfsr,"2024-08-02T11:14:20","2024-08-02T12:14:28","../2025-07-03/ir_fall/fsr/23fpfsr"
"../2025-07-03/pm_fall/fsr/22fpfsr","2024-08-02T12:13:30","2024-08-02T12:13:35",22fpfsr,24fpfsr,"2024-08-02T11:15:02","2024-08-02T12:15:09","../2025-07-03/ir_fall/fsr/24fpfsr"
"../2025-07-03/pm_fall/fsr/23fpfsr","2024-08-02T12:14:21","2024-08-02T12:14:26",23fpfsr,25fpfe,"2024-08-02T11:15:50","2024-08-02T12:15:58","../2025-07-03/ir_fall/fe/25fpfe"
"../2025-07-03/pm_fall/fsr/24fpfsr","2024-08-02T12:15:02","2024-08-02T12:15:07",24fpfsr,26fpfe,"2024-08-02T11:16:38","2024-08-02T12:16:45","../2025-07-03/ir_fall/fe/26fpfe"
"../2025-07-03/pm_fall/fe/25fpfe","2024-08-02T12:15:50","2024-08-02T12:15:56",25fpfe,27fpsp,"2024-08-02T11:17:42","2024-08-02T12:17:51","../2025-07-03/ir_fall/sp/27fpsp"
"../2025-07-03/pm_fall/fe/26fpfe","2024-08-02T12:16:38","2024-08-02T12:16:43",26fpfe,28fpsp,"2024-08-02T11:18:32","2024-08-02T12:20:57","../2025-07-03/ir_fall/sp/28fpsp"
"../2025-07-03/pm_fall/sp/27fpsp","2024-08-02T12:17:43","2024-08-02T12:17:49",27fpsp,29fpyo,"2024-08-02T11:19:52","2024-08-02T12:19:57","../2025-07-03/ir_fall/yo/29fpyo"
"../2025-07-03/pm_fall/yo/29fpyo","2024-08-02T12:19:42","2024-08-02T12:19:47",29fpyo,30fpsp,"2024-08-02T11:21:46","2024-08-02T12:21:49","../2025-07-03/ir_fall/sp/30fpsp"
"../2025-07-03/pm_fall/sp/28fpsp","2024-08-02T12:20:50","2024-08-02T12:21:00",28fpsp,31fpsp,"2024-08-02T11:22:36","2024-08-02T12:22:43","../2025-07-03/ir_fall/sp/31fpsp"
"../2025-07-03/pm_fall/sp/30fpsp","2024-08-02T12:21:36","2024-08-02T12:21:51",30fpsp,32fptrr,"2024-08-02T11:23:20","2024-08-02T12:23:28","../2025-07-03/ir_fall/trr/32fptrr"
"../2025-07-03/pm_fall/sp/31fpsp","2024-08-02T12:22:36","2024-08-02T12:22:42",31fpsp,33fptrl,"2024-08-02T11:24:02","2024-08-02T12:24:10","../2025-07-03/ir_fall/trl/33fptrl"
"../2025-07-03/pm_fall/trr/32fptrr","2024-08-02T12:23:20","2024-08-02T12:23:25",32fptrr,34fpfu,"2024-08-02T11:24:56","2024-08-02T12:25:03","../2025-07-03/ir_fall/fu/34fpfu"
"../2025-07-03/pm_fall/trl/33fptrl","2024-08-02T12:24:02","2024-08-02T12:24:08",33fptrl,35fpfu,"2024-08-02T11:25:42","2024-08-02T12:25:47","../2025-07-03/ir_fall/fu/35fpfu"
"../2025-07-03/pm_fall/fu/34fpfu","2024-08-02T12:24:56","2024-08-02T12:25:01",34fpfu,36fpkh,"2024-08-02T11:26:32","2024-08-02T12:26:36","../2025-07-03/ir_fall/kh/36fpkh"
"../2025-07-03/pm_fall/fu/35fpfu","2024-08-02T12:25:37","2024-08-02T12:25:48",35fpfu,1fasss,"2024-08-02T11:30:12","2024-08-02T12:30:49","../2025-07-03/ir_adl/s/1fasss"
"../2025-07-03/pm_fall/kh/36fpkh","2024-08-02T12:26:28","2024-08-02T12:26:38",36fpkh,2famss,"2024-08-02T11:34:58","2024-08-02T12:35:20","../2025-07-03/ir_adl/s/2famss"
"../2025-07-03/pm_adl/s/1fasss","2024-08-02T12:30:12","2024-08-02T12:30:48",1fasss,3falss,"2024-08-02T11:36:04","2024-08-02T12:36:15","../2025-07-03/ir_adl/s/3falss"
"../2025-07-03/pm_adl/s/2famss","2024-08-02T12:35:01","2024-08-02T12:35:20",2famss,4fasssh,"2024-08-02T11:36:48","2024-08-02T12:37:21","../2025-07-03/ir_adl/s/4fasssh"
"../2025-07-03/pm_adl/s/3falss","2024-08-02T12:36:05","2024-08-02T12:36:14",3falss,5femssh,"2024-08-02T11:38:04","2024-08-02T12:38:20","../2025-07-03/ir_adl/s/5femssh"
"../2025-07-03/pm_adl/s/4fasssh","2024-08-02T12:36:51","2024-08-02T12:37:20",4fasssh,6falssh,"2024-08-02T11:39:04","2024-08-02T12:39:12","../2025-07-03/ir_adl/s/6falssh"
"../2025-07-03/pm_adl/s/5femssh","2024-08-02T12:38:05","2024-08-02T12:38:20",5femssh,7fesssl,"2024-08-02T11:39:54","2024-08-02T12:40:17","../2025-07-03/ir_adl/s/7fesssl"
"../2025-07-03/pm_adl/s/6falssh","2024-08-02T12:39:04","2024-08-02T12:39:12",6falssh,8femssl,"2024-08-02T11:41:36","2024-08-02T12:41:53","../2025-07-03/ir_adl/s/8femssl"
"../2025-07-03/pm_adl/s/7fesssl","2024-08-02T12:39:54","2024-08-02T12:40:16",7fesssl,9felssl,"2024-08-02T11:42:32","2024-08-02T12:42:40","../2025-07-03/ir_adl/s/9felssl"
"../2025-07-03/pm_adl/s/8femssl","2024-08-02T12:41:37","2024-08-02T12:41:52",8femssl,10fasst,"2024-08-02T11:44:40","2024-08-02T12:45:01","../2025-07-03/ir_adl/s/10fasst"
"../2025-07-03/pm_adl/s/9felssl","2024-08-02T12:42:33","2024-08-02T12:42:39",9felssl,11feamst,"2024-08-02T11:45:38","2024-08-02T12:45:50","../2025-07-03/ir_adl/s/11feamst"
"../2025-07-03/pm_adl/s/10fasst","2024-08-02T12:44:40","2024-08-02T12:44:59",10fasst,12fealst,"2024-08-02T11:46:32","2024-08-02T12:46:39","../2025-07-03/ir_adl/s/12fealst"
"../2025-07-03/pm_adl/s/11feamst","2024-08-02T12:45:39","2024-08-02T12:45:48",11feamst,13felflu,"2024-08-02T11:47:22","2024-08-02T12:47:36","../2025-07-03/ir_adl/s/13felflu"
"../2025-07-03/pm_adl/s/12fealst","2024-08-02T12:46:32","2024-08-02T12:46:38",12fealst,14ferflu,"2024-08-02T11:48:18","2024-08-02T12:48:30","../2025-07-03/ir_adl/s/14ferflu"
"../2025-07-03/pm_adl/s/13felflu","2024-08-02T12:47:22","2024-08-02T12:47:34",13felflu,15faclh,"2024-08-02T11:49:06","2024-08-02T12:49:21","../2025-07-03/ir_adl/sa/15faclh"
"../2025-07-03/pm_adl/s/14ferflu","2024-08-02T12:48:19","2024-08-02T12:48:29",14ferflu,16facrh,"2024-08-02T11:50:04","2024-08-02T12:50:13","../2025-07-03/ir_adl/sa/16facrh"
"../2025-07-03/pm_adl/sa/16facrh","2024-08-02T12:49:59","2024-08-02T12:50:20",16facrh,17fa2c,"2024-08-02T11:50:52","2024-08-02T12:51:08","../2025-07-03/ir_adl/sa/17fa2c"
"../2025-07-03/pm_adl/sa/17fa2c","2024-08-02T12:50:51","2024-08-02T12:51:07",17fa2c,18fast,"2024-08-02T11:52:42","2024-08-02T12:52:51","../2025-07-03/ir_adl/st/18fast"
"../2025-07-03/pm_adl/st/18fast","2024-08-02T12:52:41","2024-08-02T12:52:50",18fast,19falst,"2024-08-02T11:53:34","2024-08-02T12:53:43","../2025-07-03/ir_adl/st/19falst"
"../2025-07-03/pm_adl/st/19falst","2024-08-02T12:53:34","2024-08-02T12:53:42",19falst,20favss,"2024-08-02T11:54:20","2024-08-02T12:54:27","../2025-07-03/ir_adl/sv/20favss"
"../2025-07-03/pm_adl/sv/20favss","2024-08-02T12:54:21","2024-08-02T12:54:27",20favss,21favlss,"2024-08-02T11:55:04","2024-08-02T12:55:12","../2025-07-03/ir_adl/sv/21favlss"
"../2025-07-03/pm_adl/sv/21favlss","2024-08-02T12:55:05","2024-08-02T12:55:11",21favlss,22fawdr,"2024-08-02T12:02:36","2024-08-02T13:02:43","../2025-07-03/ir_adl/st/22fawdr"
"../2025-07-03/pm_adl/st/22fawdr","2024-08-02T13:02:36","2024-08-02T13:02:43",22fawdr,23fawdkr,"2024-08-02T12:03:22","2024-08-02T13:03:28","../2025-07-03/ir_adl/st/23fawdkr"
"../2025-07-03/pm_adl/st/23fawdkr","2024-08-02T13:03:22","2024-08-02T13:03:27",23fawdkr,24fakc,"2024-08-02T12:04:08","2024-08-02T13:04:14","../2025-07-03/ir_adl/kc/24fakc"
"../2025-07-03/pm_adl/s/25feawcss","2024-08-02T13:05:04","2024-08-02T13:05:48",25feawcss,25feawcss,"2024-08-02T12:05:04","2024-08-02T13:05:46","../2025-07-03/ir_adl/s/25feawcss"
"../2025-07-03/pm_adl/s/26fewcms","2024-08-02T13:06:48","2024-08-02T13:07:05",26fewcms,26fewcms,"2024-08-02T12:06:48","2024-08-02T13:07:03","../2025-07-03/ir_adl/s/26fewcms"
"../2025-07-03/pm_adl/s/27fewcls","2024-08-02T13:07:53","2024-08-02T13:08:04",27fewcls,27fewcls,"2024-08-02T12:07:54","2024-08-02T13:08:01","../2025-07-03/ir_adl/s/27fewcls"
"../2025-07-03/pm_adl/s/28feawfcss","2024-08-02T13:09:15","2024-08-02T13:09:41",28feawfcss,28feawfcss,"2024-08-02T12:09:16","2024-08-02T13:09:43","../2025-07-03/ir_adl/s/28feawfcss"
"../2025-07-03/pm_adl/s/29fawfcms","2024-08-02T13:10:24","2024-08-02T13:10:34",29fawfcms,29fawfcms,"2024-08-02T12:10:24","2024-08-02T13:10:35","../2025-07-03/ir_adl/s/29fawfcms"
"../2025-07-03/pm_adl/s/30fawfcls","2024-08-02T13:11:15","2024-08-02T13:11:20",30fawfcls,30fawfcls,"2024-08-02T12:11:16","2024-08-02T13:11:21","../2025-07-03/ir_adl/s/30fawfcls"
"../2025-07-03/pm_adl/sb/31fabs","2024-08-02T13:12:00","2024-08-02T13:12:24",31fabs,31fabs,"2024-08-02T12:12:00","2024-08-02T13:12:24","../2025-07-03/ir_adl/sb/31fabs"
"../2025-07-03/pm_adl/sb/32fabm","2024-08-02T13:13:13","2024-08-02T13:13:23",32fabm,32fabm,"2024-08-02T12:13:12","2024-08-02T13:13:24","../2025-07-03/ir_adl/sb/32fabm"
"../2025-07-03/pm_adl/sb/33fabl","2024-08-02T13:14:07","2024-08-02T13:14:11",33fabl,33fabl,"2024-08-02T12:14:08","2024-08-02T13:14:12","../2025-07-03/ir_adl/sb/33fabl"
"../2025-07-03/pm_adl/sd/34fassrhbd","2024-08-02T13:14:57","2024-08-02T13:15:29",34fassrhbd,34fassrhbd,"2024-08-02T12:14:58","2024-08-02T13:15:22","../2025-07-03/ir_adl/sd/34fassrhbd"
"../2025-07-03/pm_adl/sd/35famsrhbd","2024-08-02T13:16:15","2024-08-02T13:16:31",35famsrhbd,35famsrhbd,"2024-08-02T12:16:14","2024-08-02T13:16:28","../2025-07-03/ir_adl/sd/35famsrhbd"
"../2025-07-03/pm_adl/sd/36falsrhbl","2024-08-02T13:17:13","2024-08-02T13:17:21",36falsrhbl,36falsrhbl,"2024-08-02T12:17:12","2024-08-02T13:17:17","../2025-07-03/ir_adl/sd/36falsrhbl"
"../2025-07-03/pm_adl/sd/37fabpsl","2024-08-02T13:18:50","2024-08-02T13:19:18",37fabpsl,37fabpsl,"2024-08-02T12:18:52","2024-08-02T13:19:16","../2025-07-03/ir_adl/sd/37fabpsl"
"../2025-07-03/pm_adl/sd/38fabpml","2024-08-02T13:20:00","2024-08-02T13:20:16",38fabpml,38fabpml,"2024-08-02T12:20:00","2024-08-02T13:20:14","../2025-07-03/ir_adl/sd/38fabpml"
"../2025-07-03/pm_adl/sd/39fabpll","2024-08-02T13:21:02","2024-08-02T13:21:11",39fabpll,39fabpll,"2024-08-02T12:21:00","2024-08-02T13:21:08","../2025-07-03/ir_adl/sd/39fabpll"
"../2025-07-03/pm_adl/pr/41fapwkm","2024-08-02T13:23:29","2024-08-02T13:23:49",41fapwkm,41fapwkm,"2024-08-02T12:23:28","2024-08-02T13:23:46","../2025-07-03/ir_adl/pr/41fapwkm"
"../2025-07-03/pm_adl/pr/42fapwkl","2024-08-02T13:24:34","2024-08-02T13:24:47",42fapwkl,42fapwkl,"2024-08-02T12:24:34","2024-08-02T13:24:44","../2025-07-03/ir_adl/pr/42fapwkl"
"../2025-07-03/pm_adl/sl/43fasts","2024-08-02T13:26:08","2024-08-02T13:26:15",43fasts,43fasts,"2024-08-02T12:26:08","2024-08-02T13:26:16","../2025-07-03/ir_adl/sl/43fasts"
"../2025-07-03/pm_adl/sd/44fasswd","2024-08-02T13:27:59","2024-08-02T13:28:06",44fasswd,44fasswd,"2024-08-02T12:27:58","2024-08-02T13:28:03","../2025-07-03/ir_adl/sd/44fasswd"
"../2025-07-03/pm_adl/sd/45fasss","2024-08-02T13:28:49","2024-08-02T13:28:57",45fasss,45fasss,"2024-08-02T12:28:50","2024-08-02T13:28:54","../2025-07-03/ir_adl/sd/45fasss"
"../2025-07-03/pm_adl/sd/46fassb","2024-08-02T13:29:35","2024-08-02T13:29:43",46fassb,46fassb,"2024-08-02T12:29:34","2024-08-02T13:29:40","../2025-07-03/ir_adl/sd/46fassb"
,,,,47fassko,"2024-08-02T12:30:20","2024-08-02T13:30:24","../2025-07-03/ir_adl/sd/47fassko"
"../2025-07-03/pm_adl/sd/48falswd","2024-08-02T13:31:13","2024-08-02T13:31:22",48falswd,48falswd,"2024-08-02T12:31:14","2024-08-02T13:31:18","../2025-07-03/ir_adl/sd/48falswd"
"../2025-07-03/pm_adl/sd/49falsps","2024-08-02T13:32:10","2024-08-02T13:32:18",49falsps,49falsps,"2024-08-02T12:32:10","2024-08-02T13:32:16","../2025-07-03/ir_adl/sd/49falsps"
"../2025-07-03/pm_adl/sd/50falspb","2024-08-02T13:33:01","2024-08-02T13:33:12",50falspb,50falspb,"2024-08-02T12:33:02","2024-08-02T13:33:09","../2025-07-03/ir_adl/sd/50falspb"
"../2025-07-03/pm_adl/sd/51falsko","2024-08-02T13:33:48","2024-08-02T13:34:01",51falsko,51falsko,"2024-08-02T12:33:56","2024-08-02T13:33:59","../2025-07-03/ir_adl/sd/51falsko"
"../2025-07-03/pm_adl/sd/52fahbf","2024-08-02T13:35:07","2024-08-02T13:35:13",52fahbf,52fahbf,"2024-08-02T12:35:08","2024-08-02T13:35:12","../2025-07-03/ir_adl/sd/52fahbf"
"../2025-07-03/pm_adl/sd/53fabpf","2024-08-02T13:35:53","2024-08-02T13:35:57",53fabpf,53fabpf,"2024-08-02T12:35:54","2024-08-02T13:35:58","../2025-07-03/ir_adl/sd/53fabpf"
"../2025-07-03/pm_adl/sd/54farpf","2024-08-02T13:36:47","2024-08-02T13:36:55",54farpf,54farpf,"2024-08-02T12:36:46","2024-08-02T13:36:52","../2025-07-03/ir_adl/sd/54farpf"
"../2025-07-03/pm_adl/sd/55fapspf","2024-08-02T13:37:40","2024-08-02T13:37:49",55fapspf,55fapspf,"2024-08-02T12:37:44","2024-08-02T13:37:46","../2025-07-03/ir_adl/sd/55fapspf"
"../2025-07-03/pm_adl/sd/56fairsbf","2024-08-02T13:38:54","2024-08-02T13:39:17",56fairsbf,56fairsbf,"2024-08-02T12:38:58","2024-08-02T13:39:18","../2025-07-03/ir_adl/sd/56fairsbf"
"../2025-07-03/pm_adl/sd/57faipsbf","2024-08-02T13:40:16","2024-08-02T13:40:36",57faipsbf,57faipsbf,"2024-08-02T12:40:16","2024-08-02T13:40:37","../2025-07-03/ir_adl/sd/57faipsbf"
"../2025-07-03/pm_adl/sd/58fapscpf","2024-08-02T13:41:33","2024-08-02T13:41:40",58fapscpf,58fapscpf,"2024-08-02T12:41:34","2024-08-02T13:41:39","../2025-07-03/ir_adl/sd/58fapscpf"
"../2025-07-03/pm_adl/rt/59farwf","2024-08-02T13:42:25","2024-08-02T13:42:33",59farwf,59farwf,"2024-08-02T12:42:24","2024-08-02T13:42:34","../2025-07-03/ir_adl/rt/59farwf"
,,,,31aabs,"2024-10-14T09:36:58","2024-10-14T09:37:14","../2025-07-03/ir_adl/sb/31aabs"
,,,,32aabm,"2024-10-14T09:41:24","2024-10-14T09:41:42","../2025-07-03/ir_adl/sb/32aabm"
,,,,33aabl,"2024-10-14T09:42:58","2024-10-14T09:43:04","../2025-07-03/ir_adl/sb/33aabl"
,,,,34aassrhbd,"2024-10-14T09:43:50","2024-10-14T09:44:04","../2025-07-03/ir_adl/sd/34aassrhbd"
,,,,35aamsrhbd,"2024-10-14T09:44:42","2024-10-14T09:44:58","../2025-07-03/ir_adl/sd/35aamsrhbd"
,,,,36aalsrhbd,"2024-10-14T09:45:44","2024-10-14T09:45:56","../2025-07-03/ir_adl/sd/36aalsrhbd"
,,,,37aabpsl,"2024-10-14T09:46:34","2024-10-14T09:46:52","../2025-07-03/ir_adl/sd/37aabpsl"
,,,,38aabpml,"2024-10-14T09:47:26","2024-10-14T09:47:42","../2025-07-03/ir_adl/sd/38aabpml"
,,,,39aalsrhbd,"2024-10-14T09:48:28","2024-10-14T09:48:42","../2025-07-03/ir_adl/sd/39aalsrhbd"
,,,,40aapwks,"2024-10-14T09:49:32","2024-10-14T09:50:04","../2025-07-03/ir_adl/pr/40aapwks"
,,,,41aapwkm,"2024-10-14T10:08:36","2024-10-14T10:08:56","../2025-07-03/ir_adl/pr/41aapwkm"
,,,,43aasts,"2024-10-14T10:11:26","2024-10-14T10:11:44","../2025-07-03/ir_adl/sl/43aasts"
,,,,44aasswd,"2024-10-14T10:12:42","2024-10-14T10:12:52","../2025-07-03/ir_adl/sd/44aasswd"
,,,,45aasss,"2024-10-14T10:13:40","2024-10-14T10:13:50","../2025-07-03/ir_adl/sd/45aasss"
,,,,46aassb,"2024-10-14T10:14:36","2024-10-14T10:14:46","../2025-07-03/ir_adl/sd/46aassb"
,,,,47aassko,"2024-10-14T10:15:30","2024-10-14T10:15:40","../2025-07-03/ir_adl/sd/47aassko"
,,,,48aalswd,"2024-10-14T10:16:48","2024-10-14T10:16:56","../2025-07-03/ir_adl/sd/48aalswd"
,,,,49aalsps,"2024-10-14T10:17:32","2024-10-14T10:17:40","../2025-07-03/ir_adl/sd/49aalsps"
,,,,50aalspb,"2024-10-14T10:18:18","2024-10-14T10:18:28","../2025-07-03/ir_adl/sd/50aalspb"
,,,,51aalsko,"2024-10-14T10:19:12","2024-10-14T10:19:20","../2025-07-03/ir_adl/sd/51aalsko"
,,,,52aahbf,"2024-10-14T10:20:22","2024-10-14T10:20:30","../2025-07-03/ir_adl/sd/52aahbf"
,,,,53aabpf,"2024-10-14T10:21:22","2024-10-14T10:21:32","../2025-07-03/ir_adl/sd/53aabpf"
,,,,54aarpf,"2024-10-14T10:22:10","2024-10-14T10:22:18","../2025-07-03/ir_adl/sd/54aarpf"
,,,,55apspf,"2024-10-14T10:22:52","2024-10-14T10:23:00","../2025-07-03/ir_adl/sd/55apspf"
,,,,56aairsbf,"2024-10-14T10:23:34","2024-10-14T10:24:00","../2025-07-03/ir_adl/sd/56aairsbf"
,,,,57aaipsbf,"2024-10-14T10:24:38","2024-10-14T10:25:00","../2025-07-03/ir_adl/sd/57aaipsbf"
,,,,58aapscpf,"2024-10-14T10:26:58","2024-10-14T10:27:08","../2025-07-03/ir_adl/sd/58aapscpf"
,,,,59arwf,"2024-10-14T10:27:58","2024-10-14T10:28:08","../2025-07-03/ir_adl/rt/59arwf"
,,,,69aagdpco,"2024-10-14T10:30:48","2024-10-14T10:31:14","../2025-07-03/ir_adl/gd/69aagdpco"
,,,,70aausd,"2024-10-14T10:32:24","2024-10-14T10:32:40","../2025-07-03/ir_adl/aw/70aausd"
,,,,71aasds,"2024-10-14T10:33:20","2024-10-14T10:33:40","../2025-07-03/ir_adl/aw/71aasds"
,,,,72aausdc,"2024-10-14T10:34:52","2024-10-14T10:35:10","../2025-07-03/ir_adl/aw/72aausdc"
"../2025-07-03/pm_adl/sb/31aabs","2024-10-14T10:37:02","2024-10-14T10:37:09",31aabs,,,,
,,,,73aaasdw,"2024-10-14T10:37:54","2024-10-14T10:38:26","../2025-07-03/ir_adl/aw/73aaasdw"
,,,,74aagdch,"2024-10-14T10:40:16","2024-10-14T10:41:00","../2025-07-03/ir_adl/gd/74aagdch"
"../2025-07-03/pm_adl/sb/32aabm","2024-10-14T10:41:30","2024-10-14T10:41:36",32aabm,,,,
,,,,75aachgu,"2024-10-14T10:41:54","2024-10-14T10:42:30","../2025-07-03/ir_adl/gd/75aachgu"
"../2025-07-03/pm_adl/sb/33aabl","2024-10-14T10:42:58","2024-10-14T10:43:01",33aabl,,,,
"../2025-07-03/pm_adl/sd/34aassrhbd","2024-10-14T10:43:50","2024-10-14T10:44:04",34aassrhbd,,,,
"../2025-07-03/pm_adl/sd/35aamsrhbd","2024-10-14T10:44:44","2024-10-14T10:44:54",35aamsrhbd,77aap2p,"2024-10-14T10:44:16","2024-10-14T10:44:46","../2025-07-03/ir_adl/pr/77aap2p"
"../2025-07-03/pm_adl/sd/36aalsrhbd","2024-10-14T10:45:46","2024-10-14T10:45:52",36aalsrhbd,,,,
"../2025-07-03/pm_adl/sd/37aabpsl","2024-10-14T10:46:37","2024-10-14T10:46:48",37aabpsl,78aasv2p,"2024-10-14T10:46:12","2024-10-14T10:46:52","../2025-07-03/ir_adl/m/78aasv2p"
"../2025-07-03/pm_adl/sd/38aabpml","2024-10-14T10:47:28","2024-10-14T10:47:38",38aabpml,,,,
"../2025-07-03/pm_adl/sd/39aalsrhbd","2024-10-14T10:48:32","2024-10-14T10:48:38",39aalsrhbd,,,,
,,,,79aasv3p,"2024-10-14T10:54:46","2024-10-14T10:55:38","../2025-07-03/ir_adl/m/79aasv3p"
,,,,81aapcpa,"2024-10-14T11:00:00","2024-10-14T11:01:10","../2025-07-03/ir_adl/m/81aapcpa"
,,,,82aacbcc,"2024-10-14T11:03:24","2024-10-14T11:03:42","../2025-07-03/ir_adl/cm/82aacbcc"
,,,,83aacbcv,"2024-10-14T11:04:58","2024-10-14T11:05:16","../2025-07-03/ir_adl/cm/83aacbcv"
,,,,84aacbsc,"2024-10-14T11:05:58","2024-10-14T11:06:16","../2025-07-03/ir_adl/cm/84aacbsc"
,,,,85aacbdb,"2024-10-14T11:07:04","2024-10-14T11:07:18","../2025-07-03/ir_adl/cm/85aacbdb"
,,,,86aacbws,"2024-10-14T11:07:54","2024-10-14T11:08:08","../2025-07-03/ir_adl/cm/86aacbws"
"../2025-07-03/pm_adl/sd/41aapwkm","2024-10-14T11:08:36","2024-10-14T11:08:53",41aapwkm,87aacbtf,"2024-10-14T11:08:50","2024-10-14T11:09:00","../2025-07-03/ir_adl/cm/87aacbtf"
"../2025-07-03/pm_adl/pr/42aapwkl","2024-10-14T11:10:11","2024-10-14T11:10:25",42aapwkl,88aacbeb,"2024-10-14T11:10:10","2024-10-14T11:10:26","../2025-07-03/ir_adl/cm/88aacbeb"
"../2025-07-03/pm_adl/sl/43aasts","2024-10-14T11:11:27","2024-10-14T11:11:39",43aasts,89aacbm,"2024-10-14T11:11:12","2024-10-14T11:11:28","../2025-07-03/ir_adl/cm/89aacbm"
,,,,90aapl,"2024-10-14T11:12:10","2024-10-14T11:12:26","../2025-07-03/ir_adl/ed/90aapl"
"../2025-07-03/pm_adl/sd/44aasswd","2024-10-14T11:12:44","2024-10-14T11:12:53",44aasswd,,,,
"../2025-07-03/pm_adl/sd/45aasss","2024-10-14T11:13:42","2024-10-14T11:13:52",45aasss,,,,
,,,,91aamh,"2024-10-14T11:14:10","2024-10-14T11:14:34","../2025-07-03/ir_adl/ed/91aamh"
"../2025-07-03/pm_adl/sd/46aassb","2024-10-14T11:14:37","2024-10-14T11:14:47",46aassb,,,,
"../2025-07-03/pm_adl/sd/47aassko","2024-10-14T11:15:30","2024-10-14T11:15:42",47aassko,92aamf,"2024-10-14T11:15:42","2024-10-14T11:15:54","../2025-07-03/ir_adl/ed/92aamf"
"../2025-07-03/pm_adl/sd/48aalswd","2024-10-14T11:16:50","2024-10-14T11:16:58",48aalswd,,,,
"../2025-07-03/pm_adl/sd/49aalsps","2024-10-14T11:17:33","2024-10-14T11:17:41",49aalsps,,,,
"../2025-07-03/pm_adl/sd/50aalspb","2024-10-14T11:18:18","2024-10-14T11:18:29",50aalspb,,,,
"../2025-07-03/pm_adl/sd/51aalsko","2024-10-14T11:19:11","2024-10-14T11:19:20",51aalsko,,,,
,,,,69dagdpco,"2024-10-14T11:19:28","2024-10-14T11:20:14","../2025-07-03/ir_adl/gd/69dagdpco"
"../2025-07-03/pm_adl/sd/52aahbf","2024-10-14T11:20:23","2024-10-14T11:20:31",52aahbf,,,,
"../2025-07-03/pm_adl/sd/53aabpf","2024-10-14T11:21:24","2024-10-14T11:21:28",53aabpf,,,,
"../2025-07-03/pm_adl/sd/54aarpf","2024-10-14T11:22:12","2024-10-14T11:22:19",54aarpf,,,,
"../2025-07-03/pm_adl/sd/55apspf","2024-10-14T11:22:55","2024-10-14T11:23:01",55apspf,,,,
"../2025-07-03/pm_adl/sd/56aairsbf","2024-10-14T11:23:37","2024-10-14T11:24:01",56aairsbf,,,,
"../2025-07-03/pm_adl/sd/57aaipsbf","2024-10-14T11:24:40","2024-10-14T11:24:58",57aaipsbf,,,,
"../2025-07-03/pm_adl/sd/58aapscpf","2024-10-14T11:27:00","2024-10-14T11:27:10",58aapscpf,,,,
"../2025-07-03/pm_adl/rt/59arwf","2024-10-14T11:28:00","2024-10-14T11:28:06",59arwf,,,,
,,,,70dausd,"2024-10-14T11:29:08","2024-10-14T11:29:30","../2025-07-03/ir_adl/aw/70dausd"
,,,,71daasds,"2024-10-14T11:30:10","2024-10-14T11:30:28","../2025-07-03/ir_adl/aw/71daasds"
"../2025-07-03/pm_adl/gd/69aagdpco","2024-10-14T11:30:50","2024-10-14T11:31:12",69aagdpco,72daasdc,"2024-10-14T11:31:12","2024-10-14T11:31:36","../2025-07-03/ir_adl/aw/72daasdc"
"../2025-07-03/pm_adl/aw/70aausd","2024-10-14T11:32:24","2024-10-14T11:32:37",70aausd,73daasdw,"2024-10-14T11:32:26","2024-10-14T11:32:52","../2025-07-03/ir_adl/aw/73daasdw"
"../2025-07-03/pm_adl/aw/71aasds","2024-10-14T11:33:20","2024-10-14T11:33:38",71aasds,,,,
,,,,74dacgdh,"2024-10-14T11:33:46","2024-10-14T11:34:26","../2025-07-03/ir_adl/gd/74dacgdh"
"../2025-07-03/pm_adl/aw/72aausdc","2024-10-14T11:34:53","2024-10-14T11:35:08",72aausdc,,,,
,,,,75dachgu,"2024-10-14T11:35:16","2024-10-14T11:35:48","../2025-07-03/ir_adl/gd/75dachgu"
,,,,77dap2p,"2024-10-14T11:36:58","2024-10-14T11:37:28","../2025-07-03/ir_adl/pr/77dap2p"
"../2025-07-03/pm_adl/aw/73aaasdw","2024-10-14T11:37:55","2024-10-14T11:38:22",73aaasdw,,,,
,,,,78dasv2p,"2024-10-14T11:38:44","2024-10-14T11:39:20","../2025-07-03/ir_adl/m/78dasv2p"
"../2025-07-03/pm_adl/gd/74aagdch","2024-10-14T11:40:16","2024-10-14T11:40:57",74aagdch,,,,
"../2025-07-03/pm_adl/gd/75aachgu","2024-10-14T11:41:55","2024-10-14T11:42:31",75aachgu,,,,
,,,,79dasv3p,"2024-10-14T11:43:00","2024-10-14T11:43:50","../2025-07-03/ir_adl/m/79dasv3p"
"../2025-07-03/pm_adl/pr/77aap2p","2024-10-14T11:44:19","2024-10-14T11:44:43",77aap2p,,,,
"../2025-07-03/pm_adl/m/78aasv2p","2024-10-14T11:46:13","2024-10-14T11:46:51",78aasv2p,81dapcpa,"2024-10-14T11:45:34","2024-10-14T11:46:32","../2025-07-03/ir_adl/m/81dapcpa"
"../2025-07-03/pm_adl/m/79aasv3p","2024-10-14T11:54:49","2024-10-14T11:55:40",79aasv3p,,,,
"../2025-07-03/pm_adl/m/81aapcpa","2024-10-14T12:00:07","2024-10-14T12:01:09",81aapcpa,,,,
"../2025-07-03/pm_adl/cm/82aacbcc","2024-10-14T12:03:25","2024-10-14T12:03:40",82aacbcc,,,,
"../2025-07-03/pm_adl/cm/83aacbcv","2024-10-14T12:04:57","2024-10-14T12:05:13",83aacbcv,,,,
"../2025-07-03/pm_adl/cm/84aacbsc","2024-10-14T12:06:00","2024-10-14T12:06:12",84aacbsc,,,,
"../2025-07-03/pm_adl/cm/85aacbdb","2024-10-14T12:07:06","2024-10-14T12:07:15",85aacbdb,,,,
"../2025-07-03/pm_adl/cm/86aacbws","2024-10-14T12:07:56","2024-10-14T12:08:05",86aacbws,,,,
"../2025-07-03/pm_adl/cm/87aacbtf","2024-10-14T12:08:51","2024-10-14T12:09:00",87aacbtf,,,,
"../2025-07-03/pm_adl/cm/88aacbeb","2024-10-14T12:10:12","2024-10-14T12:10:22",88aacbeb,,,,
"../2025-07-03/pm_adl/cm/89dacbm","2024-10-14T12:11:15","2024-10-14T12:11:25",89dacbm,,,,
"../2025-07-03/pm_adl/ed/90aapl","2024-10-14T12:12:11","2024-10-14T12:12:27",90aapl,,,,
"../2025-07-03/pm_adl/ed/91aamh","2024-10-14T12:14:14","2024-10-14T12:14:33",91aamh,,,,
"../2025-07-03/pm_adl/ed/92aamf","2024-10-14T12:15:42","2024-10-14T12:15:54",92aamf,,,,
"../2025-07-03/pm_adl/gd/69dagdpco","2024-10-14T12:19:28","2024-10-14T12:20:11",69dagdpco,,,,
"../2025-07-03/pm_adl/aw/70dausd","2024-10-14T12:29:08","2024-10-14T12:29:26",70dausd,,,,
"../2025-07-03/pm_adl/aw/71daasds","2024-10-14T12:30:13","2024-10-14T12:30:26",71daasds,,,,
"../2025-07-03/pm_adl/aw/72daasdc","2024-10-14T12:31:11","2024-10-14T12:31:32",72daasdc,,,,
"../2025-07-03/pm_adl/aw/73daasdw","2024-10-14T12:32:30","2024-10-14T12:32:49",73daasdw,,,,
"../2025-07-03/pm_adl/gd/74dacgdh","2024-10-14T12:33:45","2024-10-14T12:34:24",74dacgdh,,,,
"../2025-07-03/pm_adl/gd/75dachgu","2024-10-14T12:35:17","2024-10-14T12:35:48",75dachgu,,,,
"../2025-07-03/pm_adl/pr/77dap2p","2024-10-14T12:37:00","2024-10-14T12:37:23",77dap2p,,,,
"../2025-07-03/pm_adl/m/78dasv2p","2024-10-14T12:38:45","2024-10-14T12:39:22",78dasv2p,,,,
"../2025-07-03/pm_adl/m/79dasv3p","2024-10-14T12:43:00","2024-10-14T12:43:46",79dasv3p,,,,
"../2025-07-03/pm_adl/m/81dapcpa","2024-10-14T12:45:41","2024-10-14T12:46:27",81dapcpa,,,,
